email_id,sender,sender_domain,subject,body,urls,attachment_name,label
E0001,user664@verify-account.example.net,verify-account.example.net,URGENT: Your account will be suspended today,The payroll team needs your confirmation details for a recent update. Please complete the form immediately.,https://secure-login.example.net/confirm,invoice.exe,PHISHING
E0002,finance143@newsletter.example.com,newsletter.example.com,University notice: New orientation schedule,"Greetings, this is a weekly newsletter from the learning center. Please find attached the latest updates.",https://security.example.com/account-summary,schedule.pdf,LEGITIMATE
E0003,user614@alert-support.example.net,alert-support.example.net,URGENT: Your account will be suspended today,Your account has been flagged for suspicious activity. Verify your credentials immediately or your access will be restricted.,http://89.116.60.1/verify,invoice.exe,PHISHING
E0004,finance518@billing.example.net,billing.example.net,Course schedule update,Your password was updated successfully. This is a standard confirmation message.,https://hr.example.org/benefits,newsletter.pdf,LEGITIMATE
E0005,user235@alert-support.example.net,alert-support.example.net,Security alert: Password expires within 24 hours,Your account has been flagged for suspicious activity. Verify your credentials immediately or your access will be restricted.,https://tinyurl.com/hr-payroll-update,award.exe,PHISHING
E0006,hr349@careers.example.com,careers.example.com,HR update: Annual benefits enrollment,"Dear Team, the HR department has pushed updated benefits information. Please review it before Friday.",https://meetings.example.com/project-review,schedule.pdf,LEGITIMATE
E0007,user104@alert-support.example.net,alert-support.example.net,Action required: Verify your email account,"Congratulations, you have been selected for a limited-time reward. Click the link to claim your benefit before the offer expires.",https://secure-login.example.net/confirm,award.exe,PHISHING
E0008,ops827@example.edu,example.edu,Bank-style notification: Account summary,Your password was updated successfully. This is a standard confirmation message.,https://portal.example.edu/schedule,newsletter.pdf,LEGITIMATE
E0009,user90@hr-help.example.com,hr-help.example.com,Security alert: Password expires within 24 hours,The payroll team needs your confirmation details for a recent update. Please complete the form immediately.,https://payment-confirmation.example.org/invoice,package.zip,PHISHING
E0010,alerts197@newsletter.example.com,newsletter.example.com,University notice: New orientation schedule,"Hello, this is an update from Student Services. Please review your schedule in the portal.",https://hr.example.org/benefits,invoice.pdf,LEGITIMATE
E0011,user91@secure-update.example.com,secure-update.example.com,Action required: Verify your email account,Your password is expiring soon. Update your account to avoid temporary suspension.,https://secure-login.example.net/confirm,package.zip,PHISHING
E0012,ops167@careers.example.com,careers.example.com,Newsletter: Weekly security awareness tips,"Dear Team, the HR department has pushed updated benefits information. Please review it before Friday.",https://meetings.example.com/project-review,schedule.pdf,LEGITIMATE
E0013,user633@account-portal.example.net,account-portal.example.net,Final notice: Invoice payment due immediately,Urgent review required for your pending package. Confirm your delivery details before the shipment is returned.,https://tinyurl.com/hr-payroll-update,invoice.exe,PHISHING
E0014,hr389@careers.example.com,careers.example.com,Project meeting reminder,"Greetings, this is a weekly newsletter from the learning center. Please find attached the latest updates.",https://meetings.example.com/project-review,schedule.pdf,LEGITIMATE
E0015,user244@verify-account.example.net,verify-account.example.net,Delivery issue: Confirm your shipment details,Your password is expiring soon. Update your account to avoid temporary suspension.,https://secure-login.example.net/confirm,invoice.exe,PHISHING
E0016,finance936@billing.example.net,billing.example.net,Newsletter: Weekly security awareness tips,"Dear Team, the HR department has pushed updated benefits information. Please review it before Friday.",https://shop.example.net/order/45430,newsletter.pdf,LEGITIMATE
E0017,user915@account-portal.example.net,account-portal.example.net,HR notice: Payroll verification required,We noticed a failed payment and require confirmation of your invoice details. Use the secure portal to resolve this today.,https://secure-login.example.net/confirm,invoice.exe,PHISHING
E0018,finance763@billing.example.net,billing.example.net,Order confirmation: Shopping portal,"Greetings, this is a weekly newsletter from the learning center. Please find attached the latest updates.",https://security.example.com/account-summary,newsletter.pdf,LEGITIMATE
E0019,user929@hr-help.example.com,hr-help.example.com,Executive request: Please review this file,"Congratulations, you have been selected for a limited-time reward. Click the link to claim your benefit before the offer expires.",https://tinyurl.com/hr-payroll-update,invoice.exe,PHISHING
E0020,alerts506@example.edu,example.edu,Course schedule update,"Hello, this is an update from Student Services. Please review your schedule in the portal.",https://hr.example.org/benefits,meeting-notes.docx,LEGITIMATE
E0021,user821@account-portal.example.net,account-portal.example.net,Executive request: Please review this file,Urgent review required for your pending package. Confirm your delivery details before the shipment is returned.,http://89.116.60.1/verify,package.zip,PHISHING
E0022,hr611@support.example.org,support.example.org,Order confirmation: Shopping portal,Your password was updated successfully. This is a standard confirmation message.,https://portal.example.edu/schedule,schedule.pdf,LEGITIMATE
E0023,user708@hr-help.example.com,hr-help.example.com,Security alert: Password expires within 24 hours,The payroll team needs your confirmation details for a recent update. Please complete the form immediately.,https://secure-login.example.net/confirm,invoice.exe,PHISHING
E0024,ops446@university.example.edu,university.example.edu,Bank-style notification: Account summary,"Hello, this is an update from Student Services. Please review your schedule in the portal.",https://meetings.example.com/project-review,meeting-notes.docx,LEGITIMATE
E0025,user529@verify-account.example.net,verify-account.example.net,Security alert: Password expires within 24 hours,The payroll team needs your confirmation details for a recent update. Please complete the form immediately.,https://payment-confirmation.example.org/invoice,award.exe,PHISHING
E0026,finance157@careers.example.com,careers.example.com,HR update: Annual benefits enrollment,Your password was updated successfully. This is a standard confirmation message.,https://security.example.com/account-summary,schedule.pdf,LEGITIMATE
E0027,user623@payment-confirmation.example.org,payment-confirmation.example.org,HR notice: Payroll verification required,Your account has been flagged for suspicious activity. Verify your credentials immediately or your access will be restricted.,http://89.116.60.1/verify,package.zip,PHISHING
E0028,ops246@example.edu,example.edu,Project meeting reminder,Your password was updated successfully. This is a standard confirmation message.,https://portal.example.edu/schedule,schedule.pdf,LEGITIMATE
E0029,user759@alert-support.example.net,alert-support.example.net,Action required: Verify your email account,Urgent review required for your pending package. Confirm your delivery details before the shipment is returned.,https://tinyurl.com/hr-payroll-update,invoice.exe,PHISHING
E0030,hr970@billing.example.net,billing.example.net,HR update: Annual benefits enrollment,"Hi there, this is a meeting reminder for the product roadmap review. We have moved the session to 3:00 PM.",https://security.example.com/account-summary,newsletter.pdf,LEGITIMATE
E0031,user997@secure-update.example.com,secure-update.example.com,Congratulations! You have won a digital rewards prize,The payroll team needs your confirmation details for a recent update. Please complete the form immediately.,https://secure-login.example.net/confirm,package.zip,PHISHING
E0032,ops449@billing.example.net,billing.example.net,Bank-style notification: Account summary,"Hello, this is an update from Student Services. Please review your schedule in the portal.",https://hr.example.org/benefits,meeting-notes.docx,LEGITIMATE
E0033,user75@payment-confirmation.example.org,payment-confirmation.example.org,URGENT: Your account will be suspended today,Urgent review required for your pending package. Confirm your delivery details before the shipment is returned.,https://payment-confirmation.example.org/invoice,invoice.exe,PHISHING
E0034,alerts226@example.edu,example.edu,University notice: New orientation schedule,"Greetings, this is a weekly newsletter from the learning center. Please find attached the latest updates.",https://portal.example.edu/schedule,meeting-notes.docx,LEGITIMATE
E0035,user79@verify-account.example.net,verify-account.example.net,Delivery issue: Confirm your shipment details,Your account has been flagged for suspicious activity. Verify your credentials immediately or your access will be restricted.,https://payment-confirmation.example.org/invoice,invoice.exe,PHISHING
E0036,ops686@support.example.org,support.example.org,Project meeting reminder,Your password was updated successfully. This is a standard confirmation message.,https://hr.example.org/benefits,newsletter.pdf,LEGITIMATE
E0037,user258@alert-support.example.net,alert-support.example.net,Executive request: Please review this file,We noticed a failed payment and require confirmation of your invoice details. Use the secure portal to resolve this today.,http://89.116.60.1/verify,invoice.exe,PHISHING
E0038,hr363@support.example.org,support.example.org,Password change confirmation,Your order has been confirmed and the invoice is attached for your reference.,https://portal.example.edu/schedule,schedule.pdf,LEGITIMATE
E0039,user72@alert-support.example.net,alert-support.example.net,Delivery issue: Confirm your shipment details,Your account has been flagged for suspicious activity. Verify your credentials immediately or your access will be restricted.,https://tinyurl.com/hr-payroll-update,invoice.exe,PHISHING
E0040,finance550@support.example.org,support.example.org,HR update: Annual benefits enrollment,Your order has been confirmed and the invoice is attached for your reference.,https://hr.example.org/benefits,invoice.pdf,LEGITIMATE
E0041,user483@secure-update.example.com,secure-update.example.com,Action required: Verify your email account,Your password is expiring soon. Update your account to avoid temporary suspension.,https://payment-confirmation.example.org/invoice,invoice.exe,PHISHING
E0042,student668@billing.example.net,billing.example.net,Course schedule update,"Hello, this is an update from Student Services. Please review your schedule in the portal.",https://hr.example.org/benefits,meeting-notes.docx,LEGITIMATE
E0043,user426@alert-support.example.net,alert-support.example.net,HR notice: Payroll verification required,We noticed a failed payment and require confirmation of your invoice details. Use the secure portal to resolve this today.,https://verify-account.example.net/alert,invoice.exe,PHISHING
E0044,finance389@example.edu,example.edu,Password change confirmation,"Hi there, this is a meeting reminder for the product roadmap review. We have moved the session to 3:00 PM.",https://shop.example.net/order/45430,invoice.pdf,LEGITIMATE
E0045,user443@account-portal.example.net,account-portal.example.net,HR notice: Payroll verification required,We noticed a failed payment and require confirmation of your invoice details. Use the secure portal to resolve this today.,https://tinyurl.com/hr-payroll-update,package.zip,PHISHING
E0046,finance992@example.edu,example.edu,Course schedule update,"Greetings, this is a weekly newsletter from the learning center. Please find attached the latest updates.",https://meetings.example.com/project-review,schedule.pdf,LEGITIMATE
E0047,user61@hr-help.example.com,hr-help.example.com,HR notice: Payroll verification required,Urgent review required for your pending package. Confirm your delivery details before the shipment is returned.,https://payment-confirmation.example.org/invoice,invoice.exe,PHISHING
E0048,student984@billing.example.net,billing.example.net,University notice: New orientation schedule,"Dear Team, the HR department has pushed updated benefits information. Please review it before Friday.",https://portal.example.edu/schedule,schedule.pdf,LEGITIMATE
E0049,user701@secure-update.example.com,secure-update.example.com,Executive request: Please review this file,Your account has been flagged for suspicious activity. Verify your credentials immediately or your access will be restricted.,https://payment-confirmation.example.org/invoice,invoice.exe,PHISHING
E0050,alerts609@example.edu,example.edu,University notice: New orientation schedule,Your order has been confirmed and the invoice is attached for your reference.,https://security.example.com/account-summary,invoice.pdf,LEGITIMATE
E0051,user967@payment-confirmation.example.org,payment-confirmation.example.org,Congratulations! You have won a digital rewards prize,The payroll team needs your confirmation details for a recent update. Please complete the form immediately.,https://secure-login.example.net/confirm,invoice.exe,PHISHING
E0052,ops406@university.example.edu,university.example.edu,Order confirmation: Shopping portal,Your order has been confirmed and the invoice is attached for your reference.,https://meetings.example.com/project-review,schedule.pdf,LEGITIMATE
E0053,user19@alert-support.example.net,alert-support.example.net,Action required: Verify your email account,Your account has been flagged for suspicious activity. Verify your credentials immediately or your access will be restricted.,https://payment-confirmation.example.org/invoice,invoice.exe,PHISHING
E0054,alerts272@university.example.edu,university.example.edu,Newsletter: Weekly security awareness tips,"Hello, this is an update from Student Services. Please review your schedule in the portal.",https://hr.example.org/benefits,invoice.pdf,LEGITIMATE
E0055,user301@secure-update.example.com,secure-update.example.com,HR notice: Payroll verification required,Urgent review required for your pending package. Confirm your delivery details before the shipment is returned.,https://secure-login.example.net/confirm,award.exe,PHISHING
E0056,alerts9@newsletter.example.com,newsletter.example.com,Order confirmation: Shopping portal,"Greetings, this is a weekly newsletter from the learning center. Please find attached the latest updates.",https://portal.example.edu/schedule,meeting-notes.docx,LEGITIMATE
E0057,user280@verify-account.example.net,verify-account.example.net,Action required: Verify your email account,The payroll team needs your confirmation details for a recent update. Please complete the form immediately.,https://payment-confirmation.example.org/invoice,invoice.exe,PHISHING
E0058,ops289@billing.example.net,billing.example.net,Project meeting reminder,"Greetings, this is a weekly newsletter from the learning center. Please find attached the latest updates.",https://meetings.example.com/project-review,meeting-notes.docx,LEGITIMATE
E0059,user713@account-portal.example.net,account-portal.example.net,Security alert: Password expires within 24 hours,Urgent review required for your pending package. Confirm your delivery details before the shipment is returned.,https://verify-account.example.net/alert,package.zip,PHISHING
E0060,student95@newsletter.example.com,newsletter.example.com,Password change confirmation,"Hi there, this is a meeting reminder for the product roadmap review. We have moved the session to 3:00 PM.",https://portal.example.edu/schedule,schedule.pdf,LEGITIMATE
E0061,user351@secure-update.example.com,secure-update.example.com,Security alert: Password expires within 24 hours,We noticed a failed payment and require confirmation of your invoice details. Use the secure portal to resolve this today.,https://verify-account.example.net/alert,award.exe,PHISHING
E0062,hr575@example.edu,example.edu,University notice: New orientation schedule,"Hello, this is an update from Student Services. Please review your schedule in the portal.",https://hr.example.org/benefits,schedule.pdf,LEGITIMATE
E0063,user864@payment-confirmation.example.org,payment-confirmation.example.org,Final notice: Invoice payment due immediately,Your password is expiring soon. Update your account to avoid temporary suspension.,https://tinyurl.com/hr-payroll-update,invoice.exe,PHISHING
E0064,ops374@example.edu,example.edu,Newsletter: Weekly security awareness tips,"Dear Team, the HR department has pushed updated benefits information. Please review it before Friday.",https://hr.example.org/benefits,schedule.pdf,LEGITIMATE
E0065,user372@hr-help.example.com,hr-help.example.com,Executive request: Please review this file,Urgent review required for your pending package. Confirm your delivery details before the shipment is returned.,https://tinyurl.com/hr-payroll-update,invoice.exe,PHISHING
E0066,finance820@university.example.edu,university.example.edu,Password change confirmation,"Hello, this is an update from Student Services. Please review your schedule in the portal.",https://hr.example.org/benefits,invoice.pdf,LEGITIMATE
E0067,user811@alert-support.example.net,alert-support.example.net,Congratulations! You have won a digital rewards prize,"Congratulations, you have been selected for a limited-time reward. Click the link to claim your benefit before the offer expires.",https://tinyurl.com/hr-payroll-update,award.exe,PHISHING
E0068,student392@example.edu,example.edu,Bank-style notification: Account summary,"Dear Team, the HR department has pushed updated benefits information. Please review it before Friday.",https://hr.example.org/benefits,newsletter.pdf,LEGITIMATE
E0069,user368@payment-confirmation.example.org,payment-confirmation.example.org,Congratulations! You have won a digital rewards prize,We noticed a failed payment and require confirmation of your invoice details. Use the secure portal to resolve this today.,http://89.116.60.1/verify,award.exe,PHISHING
E0070,finance409@careers.example.com,careers.example.com,Order confirmation: Shopping portal,"Hello, this is an update from Student Services. Please review your schedule in the portal.",https://meetings.example.com/project-review,invoice.pdf,LEGITIMATE
E0071,user666@hr-help.example.com,hr-help.example.com,Executive request: Please review this file,The payroll team needs your confirmation details for a recent update. Please complete the form immediately.,https://payment-confirmation.example.org/invoice,package.zip,PHISHING
E0072,student119@careers.example.com,careers.example.com,HR update: Annual benefits enrollment,Your password was updated successfully. This is a standard confirmation message.,https://meetings.example.com/project-review,schedule.pdf,LEGITIMATE
E0073,user121@hr-help.example.com,hr-help.example.com,Executive request: Please review this file,"Congratulations, you have been selected for a limited-time reward. Click the link to claim your benefit before the offer expires.",https://secure-login.example.net/confirm,package.zip,PHISHING
E0074,alerts524@example.edu,example.edu,Password change confirmation,Your password was updated successfully. This is a standard confirmation message.,https://hr.example.org/benefits,invoice.pdf,LEGITIMATE
E0075,user55@account-portal.example.net,account-portal.example.net,Executive request: Please review this file,Your account has been flagged for suspicious activity. Verify your credentials immediately or your access will be restricted.,https://payment-confirmation.example.org/invoice,award.exe,PHISHING
E0076,finance373@support.example.org,support.example.org,University notice: New orientation schedule,"Greetings, this is a weekly newsletter from the learning center. Please find attached the latest updates.",https://meetings.example.com/project-review,invoice.pdf,LEGITIMATE
E0077,user689@verify-account.example.net,verify-account.example.net,Security alert: Password expires within 24 hours,Urgent review required for your pending package. Confirm your delivery details before the shipment is returned.,https://secure-login.example.net/confirm,award.exe,PHISHING
E0078,hr335@support.example.org,support.example.org,Order confirmation: Shopping portal,Your password was updated successfully. This is a standard confirmation message.,https://hr.example.org/benefits,meeting-notes.docx,LEGITIMATE
E0079,user440@account-portal.example.net,account-portal.example.net,Executive request: Please review this file,The payroll team needs your confirmation details for a recent update. Please complete the form immediately.,https://tinyurl.com/hr-payroll-update,award.exe,PHISHING
E0080,alerts309@support.example.org,support.example.org,Course schedule update,"Hi there, this is a meeting reminder for the product roadmap review. We have moved the session to 3:00 PM.",https://meetings.example.com/project-review,meeting-notes.docx,LEGITIMATE
E0081,user450@hr-help.example.com,hr-help.example.com,Delivery issue: Confirm your shipment details,Your password is expiring soon. Update your account to avoid temporary suspension.,https://verify-account.example.net/alert,package.zip,PHISHING
E0082,finance524@support.example.org,support.example.org,HR update: Annual benefits enrollment,"Greetings, this is a weekly newsletter from the learning center. Please find attached the latest updates.",https://portal.example.edu/schedule,invoice.pdf,LEGITIMATE
E0083,user537@account-portal.example.net,account-portal.example.net,Delivery issue: Confirm your shipment details,Your account has been flagged for suspicious activity. Verify your credentials immediately or your access will be restricted.,https://tinyurl.com/hr-payroll-update,award.exe,PHISHING
E0084,ops231@university.example.edu,university.example.edu,HR update: Annual benefits enrollment,"Hello, this is an update from Student Services. Please review your schedule in the portal.",https://portal.example.edu/schedule,meeting-notes.docx,LEGITIMATE
E0085,user496@hr-help.example.com,hr-help.example.com,Action required: Verify your email account,Your password is expiring soon. Update your account to avoid temporary suspension.,https://verify-account.example.net/alert,award.exe,PHISHING
E0086,alerts200@newsletter.example.com,newsletter.example.com,Password change confirmation,Your order has been confirmed and the invoice is attached for your reference.,https://shop.example.net/order/45430,meeting-notes.docx,LEGITIMATE
E0087,user161@account-portal.example.net,account-portal.example.net,URGENT: Your account will be suspended today,Your account has been flagged for suspicious activity. Verify your credentials immediately or your access will be restricted.,https://verify-account.example.net/alert,invoice.exe,PHISHING
E0088,finance824@newsletter.example.com,newsletter.example.com,Bank-style notification: Account summary,"Hello, this is an update from Student Services. Please review your schedule in the portal.",https://security.example.com/account-summary,meeting-notes.docx,LEGITIMATE
E0089,user949@verify-account.example.net,verify-account.example.net,HR notice: Payroll verification required,We noticed a failed payment and require confirmation of your invoice details. Use the secure portal to resolve this today.,https://verify-account.example.net/alert,award.exe,PHISHING
E0090,alerts573@billing.example.net,billing.example.net,Newsletter: Weekly security awareness tips,Your order has been confirmed and the invoice is attached for your reference.,https://security.example.com/account-summary,newsletter.pdf,LEGITIMATE
E0091,user860@hr-help.example.com,hr-help.example.com,HR notice: Payroll verification required,We noticed a failed payment and require confirmation of your invoice details. Use the secure portal to resolve this today.,https://verify-account.example.net/alert,package.zip,PHISHING
E0092,ops770@university.example.edu,university.example.edu,Order confirmation: Shopping portal,Your password was updated successfully. This is a standard confirmation message.,https://shop.example.net/order/45430,meeting-notes.docx,LEGITIMATE
E0093,user291@alert-support.example.net,alert-support.example.net,Action required: Verify your email account,The payroll team needs your confirmation details for a recent update. Please complete the form immediately.,https://secure-login.example.net/confirm,invoice.exe,PHISHING
E0094,ops344@careers.example.com,careers.example.com,University notice: New orientation schedule,"Dear Team, the HR department has pushed updated benefits information. Please review it before Friday.",https://hr.example.org/benefits,meeting-notes.docx,LEGITIMATE
E0095,user402@account-portal.example.net,account-portal.example.net,Final notice: Invoice payment due immediately,The payroll team needs your confirmation details for a recent update. Please complete the form immediately.,https://tinyurl.com/hr-payroll-update,invoice.exe,PHISHING
E0096,hr418@careers.example.com,careers.example.com,Bank-style notification: Account summary,Your order has been confirmed and the invoice is attached for your reference.,https://portal.example.edu/schedule,meeting-notes.docx,LEGITIMATE
E0097,user862@alert-support.example.net,alert-support.example.net,Executive request: Please review this file,Urgent review required for your pending package. Confirm your delivery details before the shipment is returned.,http://89.116.60.1/verify,award.exe,PHISHING
E0098,hr489@example.edu,example.edu,Newsletter: Weekly security awareness tips,"Hi there, this is a meeting reminder for the product roadmap review. We have moved the session to 3:00 PM.",https://shop.example.net/order/45430,newsletter.pdf,LEGITIMATE
E0099,user561@account-portal.example.net,account-portal.example.net,Congratulations! You have won a digital rewards prize,Your password is expiring soon. Update your account to avoid temporary suspension.,https://tinyurl.com/hr-payroll-update,package.zip,PHISHING
E0100,hr498@example.edu,example.edu,Password change confirmation,"Hi there, this is a meeting reminder for the product roadmap review. We have moved the session to 3:00 PM.",https://shop.example.net/order/45430,meeting-notes.docx,LEGITIMATE
E0101,user870@alert-support.example.net,alert-support.example.net,Final notice: Invoice payment due immediately,Urgent review required for your pending package. Confirm your delivery details before the shipment is returned.,https://payment-confirmation.example.org/invoice,invoice.exe,PHISHING
E0102,hr607@billing.example.net,billing.example.net,Course schedule update,"Hello, this is an update from Student Services. Please review your schedule in the portal.",https://shop.example.net/order/45430,meeting-notes.docx,LEGITIMATE
E0103,user897@alert-support.example.net,alert-support.example.net,Final notice: Invoice payment due immediately,Your account has been flagged for suspicious activity. Verify your credentials immediately or your access will be restricted.,https://secure-login.example.net/confirm,package.zip,PHISHING
E0104,ops217@support.example.org,support.example.org,Newsletter: Weekly security awareness tips,"Hi there, this is a meeting reminder for the product roadmap review. We have moved the session to 3:00 PM.",https://shop.example.net/order/45430,invoice.pdf,LEGITIMATE
E0105,user780@alert-support.example.net,alert-support.example.net,Security alert: Password expires within 24 hours,Your account has been flagged for suspicious activity. Verify your credentials immediately or your access will be restricted.,https://verify-account.example.net/alert,invoice.exe,PHISHING
E0106,alerts54@careers.example.com,careers.example.com,Project meeting reminder,"Greetings, this is a weekly newsletter from the learning center. Please find attached the latest updates.",https://portal.example.edu/schedule,schedule.pdf,LEGITIMATE
E0107,user782@verify-account.example.net,verify-account.example.net,Congratulations! You have won a digital rewards prize,We noticed a failed payment and require confirmation of your invoice details. Use the secure portal to resolve this today.,http://89.116.60.1/verify,award.exe,PHISHING
E0108,finance245@university.example.edu,university.example.edu,Bank-style notification: Account summary,"Greetings, this is a weekly newsletter from the learning center. Please find attached the latest updates.",https://portal.example.edu/schedule,meeting-notes.docx,LEGITIMATE
E0109,user486@account-portal.example.net,account-portal.example.net,Security alert: Password expires within 24 hours,"Congratulations, you have been selected for a limited-time reward. Click the link to claim your benefit before the offer expires.",https://tinyurl.com/hr-payroll-update,award.exe,PHISHING
E0110,alerts987@newsletter.example.com,newsletter.example.com,University notice: New orientation schedule,"Dear Team, the HR department has pushed updated benefits information. Please review it before Friday.",https://meetings.example.com/project-review,schedule.pdf,LEGITIMATE
E0111,user602@verify-account.example.net,verify-account.example.net,Security alert: Password expires within 24 hours,Urgent review required for your pending package. Confirm your delivery details before the shipment is returned.,https://verify-account.example.net/alert,package.zip,PHISHING
E0112,finance78@billing.example.net,billing.example.net,Project meeting reminder,"Hello, this is an update from Student Services. Please review your schedule in the portal.",https://meetings.example.com/project-review,schedule.pdf,LEGITIMATE
E0113,user825@hr-help.example.com,hr-help.example.com,URGENT: Your account will be suspended today,"Congratulations, you have been selected for a limited-time reward. Click the link to claim your benefit before the offer expires.",https://payment-confirmation.example.org/invoice,package.zip,PHISHING
E0114,ops71@billing.example.net,billing.example.net,Newsletter: Weekly security awareness tips,"Hello, this is an update from Student Services. Please review your schedule in the portal.",https://shop.example.net/order/45430,newsletter.pdf,LEGITIMATE
E0115,user118@alert-support.example.net,alert-support.example.net,Delivery issue: Confirm your shipment details,The payroll team needs your confirmation details for a recent update. Please complete the form immediately.,https://verify-account.example.net/alert,award.exe,PHISHING
E0116,finance446@university.example.edu,university.example.edu,Order confirmation: Shopping portal,Your password was updated successfully. This is a standard confirmation message.,https://security.example.com/account-summary,newsletter.pdf,LEGITIMATE
E0117,user486@alert-support.example.net,alert-support.example.net,Security alert: Password expires within 24 hours,"Congratulations, you have been selected for a limited-time reward. Click the link to claim your benefit before the offer expires.",https://tinyurl.com/hr-payroll-update,invoice.exe,PHISHING
E0118,ops903@support.example.org,support.example.org,Project meeting reminder,Your order has been confirmed and the invoice is attached for your reference.,https://security.example.com/account-summary,newsletter.pdf,LEGITIMATE
E0119,user354@verify-account.example.net,verify-account.example.net,HR notice: Payroll verification required,"Congratulations, you have been selected for a limited-time reward. Click the link to claim your benefit before the offer expires.",https://tinyurl.com/hr-payroll-update,package.zip,PHISHING
E0120,finance364@careers.example.com,careers.example.com,Newsletter: Weekly security awareness tips,"Hi there, this is a meeting reminder for the product roadmap review. We have moved the session to 3:00 PM.",https://security.example.com/account-summary,invoice.pdf,LEGITIMATE
E0121,user579@verify-account.example.net,verify-account.example.net,Congratulations! You have won a digital rewards prize,Your account has been flagged for suspicious activity. Verify your credentials immediately or your access will be restricted.,https://tinyurl.com/hr-payroll-update,award.exe,PHISHING
E0122,hr501@billing.example.net,billing.example.net,Project meeting reminder,"Greetings, this is a weekly newsletter from the learning center. Please find attached the latest updates.",https://shop.example.net/order/45430,newsletter.pdf,LEGITIMATE
E0123,user468@verify-account.example.net,verify-account.example.net,Action required: Verify your email account,"Congratulations, you have been selected for a limited-time reward. Click the link to claim your benefit before the offer expires.",https://tinyurl.com/hr-payroll-update,package.zip,PHISHING
E0124,finance314@newsletter.example.com,newsletter.example.com,Newsletter: Weekly security awareness tips,Your order has been confirmed and the invoice is attached for your reference.,https://security.example.com/account-summary,invoice.pdf,LEGITIMATE
E0125,user445@account-portal.example.net,account-portal.example.net,Delivery issue: Confirm your shipment details,"Congratulations, you have been selected for a limited-time reward. Click the link to claim your benefit before the offer expires.",https://verify-account.example.net/alert,package.zip,PHISHING
E0126,ops258@university.example.edu,university.example.edu,University notice: New orientation schedule,"Greetings, this is a weekly newsletter from the learning center. Please find attached the latest updates.",https://hr.example.org/benefits,invoice.pdf,LEGITIMATE
E0127,user132@account-portal.example.net,account-portal.example.net,Final notice: Invoice payment due immediately,We noticed a failed payment and require confirmation of your invoice details. Use the secure portal to resolve this today.,https://tinyurl.com/hr-payroll-update,award.exe,PHISHING
E0128,hr284@newsletter.example.com,newsletter.example.com,Order confirmation: Shopping portal,"Hello, this is an update from Student Services. Please review your schedule in the portal.",https://hr.example.org/benefits,invoice.pdf,LEGITIMATE
E0129,user242@payment-confirmation.example.org,payment-confirmation.example.org,Final notice: Invoice payment due immediately,"Congratulations, you have been selected for a limited-time reward. Click the link to claim your benefit before the offer expires.",http://89.116.60.1/verify,award.exe,PHISHING
E0130,alerts130@careers.example.com,careers.example.com,Course schedule update,"Hello, this is an update from Student Services. Please review your schedule in the portal.",https://security.example.com/account-summary,invoice.pdf,LEGITIMATE
E0131,user724@secure-update.example.com,secure-update.example.com,HR notice: Payroll verification required,Your account has been flagged for suspicious activity. Verify your credentials immediately or your access will be restricted.,http://89.116.60.1/verify,award.exe,PHISHING
E0132,ops481@support.example.org,support.example.org,Bank-style notification: Account summary,"Hi there, this is a meeting reminder for the product roadmap review. We have moved the session to 3:00 PM.",https://hr.example.org/benefits,schedule.pdf,LEGITIMATE
E0133,user268@alert-support.example.net,alert-support.example.net,Action required: Verify your email account,Your account has been flagged for suspicious activity. Verify your credentials immediately or your access will be restricted.,https://verify-account.example.net/alert,package.zip,PHISHING
E0134,student591@newsletter.example.com,newsletter.example.com,Course schedule update,"Dear Team, the HR department has pushed updated benefits information. Please review it before Friday.",https://hr.example.org/benefits,invoice.pdf,LEGITIMATE
E0135,user97@secure-update.example.com,secure-update.example.com,Action required: Verify your email account,Urgent review required for your pending package. Confirm your delivery details before the shipment is returned.,https://verify-account.example.net/alert,award.exe,PHISHING
E0136,alerts810@billing.example.net,billing.example.net,Project meeting reminder,Your password was updated successfully. This is a standard confirmation message.,https://shop.example.net/order/45430,newsletter.pdf,LEGITIMATE
E0137,user940@alert-support.example.net,alert-support.example.net,Security alert: Password expires within 24 hours,Urgent review required for your pending package. Confirm your delivery details before the shipment is returned.,https://verify-account.example.net/alert,package.zip,PHISHING
E0138,alerts636@example.edu,example.edu,University notice: New orientation schedule,"Dear Team, the HR department has pushed updated benefits information. Please review it before Friday.",https://hr.example.org/benefits,invoice.pdf,LEGITIMATE
E0139,user686@verify-account.example.net,verify-account.example.net,Final notice: Invoice payment due immediately,We noticed a failed payment and require confirmation of your invoice details. Use the secure portal to resolve this today.,https://tinyurl.com/hr-payroll-update,award.exe,PHISHING
E0140,student161@example.edu,example.edu,Password change confirmation,Your order has been confirmed and the invoice is attached for your reference.,https://security.example.com/account-summary,newsletter.pdf,LEGITIMATE
E0141,user308@verify-account.example.net,verify-account.example.net,Congratulations! You have won a digital rewards prize,"Congratulations, you have been selected for a limited-time reward. Click the link to claim your benefit before the offer expires.",https://secure-login.example.net/confirm,award.exe,PHISHING
E0142,hr73@newsletter.example.com,newsletter.example.com,Project meeting reminder,"Hi there, this is a meeting reminder for the product roadmap review. We have moved the session to 3:00 PM.",https://security.example.com/account-summary,meeting-notes.docx,LEGITIMATE
E0143,user445@verify-account.example.net,verify-account.example.net,Congratulations! You have won a digital rewards prize,The payroll team needs your confirmation details for a recent update. Please complete the form immediately.,https://tinyurl.com/hr-payroll-update,package.zip,PHISHING
E0144,finance74@example.edu,example.edu,HR update: Annual benefits enrollment,"Hi there, this is a meeting reminder for the product roadmap review. We have moved the session to 3:00 PM.",https://security.example.com/account-summary,invoice.pdf,LEGITIMATE
E0145,user459@verify-account.example.net,verify-account.example.net,HR notice: Payroll verification required,The payroll team needs your confirmation details for a recent update. Please complete the form immediately.,https://secure-login.example.net/confirm,award.exe,PHISHING
E0146,hr966@careers.example.com,careers.example.com,Bank-style notification: Account summary,Your order has been confirmed and the invoice is attached for your reference.,https://portal.example.edu/schedule,schedule.pdf,LEGITIMATE
E0147,user920@alert-support.example.net,alert-support.example.net,Delivery issue: Confirm your shipment details,Urgent review required for your pending package. Confirm your delivery details before the shipment is returned.,https://secure-login.example.net/confirm,invoice.exe,PHISHING
E0148,student235@newsletter.example.com,newsletter.example.com,Course schedule update,"Greetings, this is a weekly newsletter from the learning center. Please find attached the latest updates.",https://meetings.example.com/project-review,schedule.pdf,LEGITIMATE
E0149,user791@secure-update.example.com,secure-update.example.com,HR notice: Payroll verification required,Urgent review required for your pending package. Confirm your delivery details before the shipment is returned.,https://verify-account.example.net/alert,package.zip,PHISHING
E0150,finance600@support.example.org,support.example.org,Bank-style notification: Account summary,"Hello, this is an update from Student Services. Please review your schedule in the portal.",https://shop.example.net/order/45430,invoice.pdf,LEGITIMATE
E0151,user428@payment-confirmation.example.org,payment-confirmation.example.org,Delivery issue: Confirm your shipment details,The payroll team needs your confirmation details for a recent update. Please complete the form immediately.,http://89.116.60.1/verify,invoice.exe,PHISHING
E0152,ops422@newsletter.example.com,newsletter.example.com,Bank-style notification: Account summary,"Hi there, this is a meeting reminder for the product roadmap review. We have moved the session to 3:00 PM.",https://shop.example.net/order/45430,schedule.pdf,LEGITIMATE
E0153,user475@verify-account.example.net,verify-account.example.net,Delivery issue: Confirm your shipment details,"Congratulations, you have been selected for a limited-time reward. Click the link to claim your benefit before the offer expires.",https://secure-login.example.net/confirm,invoice.exe,PHISHING
E0154,hr886@billing.example.net,billing.example.net,Course schedule update,"Greetings, this is a weekly newsletter from the learning center. Please find attached the latest updates.",https://security.example.com/account-summary,newsletter.pdf,LEGITIMATE
E0155,user433@verify-account.example.net,verify-account.example.net,Congratulations! You have won a digital rewards prize,Urgent review required for your pending package. Confirm your delivery details before the shipment is returned.,https://secure-login.example.net/confirm,award.exe,PHISHING
E0156,hr641@support.example.org,support.example.org,Course schedule update,"Dear Team, the HR department has pushed updated benefits information. Please review it before Friday.",https://meetings.example.com/project-review,meeting-notes.docx,LEGITIMATE
E0157,user959@payment-confirmation.example.org,payment-confirmation.example.org,HR notice: Payroll verification required,The payroll team needs your confirmation details for a recent update. Please complete the form immediately.,https://verify-account.example.net/alert,invoice.exe,PHISHING
E0158,student997@newsletter.example.com,newsletter.example.com,Project meeting reminder,"Greetings, this is a weekly newsletter from the learning center. Please find attached the latest updates.",https://hr.example.org/benefits,invoice.pdf,LEGITIMATE
E0159,user574@verify-account.example.net,verify-account.example.net,Executive request: Please review this file,Your account has been flagged for suspicious activity. Verify your credentials immediately or your access will be restricted.,https://tinyurl.com/hr-payroll-update,invoice.exe,PHISHING
E0160,hr970@example.edu,example.edu,HR update: Annual benefits enrollment,Your order has been confirmed and the invoice is attached for your reference.,https://meetings.example.com/project-review,invoice.pdf,LEGITIMATE
E0161,user435@alert-support.example.net,alert-support.example.net,HR notice: Payroll verification required,We noticed a failed payment and require confirmation of your invoice details. Use the secure portal to resolve this today.,https://verify-account.example.net/alert,award.exe,PHISHING
E0162,finance393@university.example.edu,university.example.edu,HR update: Annual benefits enrollment,"Hello, this is an update from Student Services. Please review your schedule in the portal.",https://meetings.example.com/project-review,newsletter.pdf,LEGITIMATE
E0163,user358@hr-help.example.com,hr-help.example.com,Security alert: Password expires within 24 hours,Your account has been flagged for suspicious activity. Verify your credentials immediately or your access will be restricted.,https://secure-login.example.net/confirm,award.exe,PHISHING
E0164,ops858@billing.example.net,billing.example.net,Bank-style notification: Account summary,"Dear Team, the HR department has pushed updated benefits information. Please review it before Friday.",https://shop.example.net/order/45430,newsletter.pdf,LEGITIMATE
E0165,user363@payment-confirmation.example.org,payment-confirmation.example.org,Executive request: Please review this file,Your password is expiring soon. Update your account to avoid temporary suspension.,https://secure-login.example.net/confirm,invoice.exe,PHISHING
E0166,finance586@support.example.org,support.example.org,Project meeting reminder,Your order has been confirmed and the invoice is attached for your reference.,https://portal.example.edu/schedule,invoice.pdf,LEGITIMATE
E0167,user772@alert-support.example.net,alert-support.example.net,Executive request: Please review this file,Your password is expiring soon. Update your account to avoid temporary suspension.,https://tinyurl.com/hr-payroll-update,package.zip,PHISHING
E0168,student130@billing.example.net,billing.example.net,Newsletter: Weekly security awareness tips,"Hello, this is an update from Student Services. Please review your schedule in the portal.",https://shop.example.net/order/45430,schedule.pdf,LEGITIMATE
E0169,user548@alert-support.example.net,alert-support.example.net,URGENT: Your account will be suspended today,The payroll team needs your confirmation details for a recent update. Please complete the form immediately.,https://tinyurl.com/hr-payroll-update,package.zip,PHISHING
E0170,finance77@support.example.org,support.example.org,Order confirmation: Shopping portal,"Hi there, this is a meeting reminder for the product roadmap review. We have moved the session to 3:00 PM.",https://security.example.com/account-summary,newsletter.pdf,LEGITIMATE
E0171,user675@verify-account.example.net,verify-account.example.net,Delivery issue: Confirm your shipment details,The payroll team needs your confirmation details for a recent update. Please complete the form immediately.,https://payment-confirmation.example.org/invoice,package.zip,PHISHING
E0172,ops642@newsletter.example.com,newsletter.example.com,Bank-style notification: Account summary,Your password was updated successfully. This is a standard confirmation message.,https://portal.example.edu/schedule,schedule.pdf,LEGITIMATE
E0173,user250@account-portal.example.net,account-portal.example.net,Security alert: Password expires within 24 hours,We noticed a failed payment and require confirmation of your invoice details. Use the secure portal to resolve this today.,http://89.116.60.1/verify,package.zip,PHISHING
E0174,student779@newsletter.example.com,newsletter.example.com,University notice: New orientation schedule,Your order has been confirmed and the invoice is attached for your reference.,https://hr.example.org/benefits,invoice.pdf,LEGITIMATE
E0175,user935@verify-account.example.net,verify-account.example.net,URGENT: Your account will be suspended today,"Congratulations, you have been selected for a limited-time reward. Click the link to claim your benefit before the offer expires.",http://89.116.60.1/verify,package.zip,PHISHING
E0176,ops384@support.example.org,support.example.org,HR update: Annual benefits enrollment,"Dear Team, the HR department has pushed updated benefits information. Please review it before Friday.",https://security.example.com/account-summary,newsletter.pdf,LEGITIMATE
E0177,user589@account-portal.example.net,account-portal.example.net,Final notice: Invoice payment due immediately,We noticed a failed payment and require confirmation of your invoice details. Use the secure portal to resolve this today.,https://tinyurl.com/hr-payroll-update,invoice.exe,PHISHING
E0178,alerts892@support.example.org,support.example.org,Project meeting reminder,Your order has been confirmed and the invoice is attached for your reference.,https://security.example.com/account-summary,meeting-notes.docx,LEGITIMATE
E0179,user247@alert-support.example.net,alert-support.example.net,Security alert: Password expires within 24 hours,Your password is expiring soon. Update your account to avoid temporary suspension.,https://secure-login.example.net/confirm,award.exe,PHISHING
E0180,student921@support.example.org,support.example.org,Order confirmation: Shopping portal,"Greetings, this is a weekly newsletter from the learning center. Please find attached the latest updates.",https://security.example.com/account-summary,meeting-notes.docx,LEGITIMATE
E0181,user85@alert-support.example.net,alert-support.example.net,Delivery issue: Confirm your shipment details,Urgent review required for your pending package. Confirm your delivery details before the shipment is returned.,https://secure-login.example.net/confirm,award.exe,PHISHING
E0182,hr707@careers.example.com,careers.example.com,Bank-style notification: Account summary,"Hi there, this is a meeting reminder for the product roadmap review. We have moved the session to 3:00 PM.",https://hr.example.org/benefits,newsletter.pdf,LEGITIMATE
E0183,user883@alert-support.example.net,alert-support.example.net,Action required: Verify your email account,We noticed a failed payment and require confirmation of your invoice details. Use the secure portal to resolve this today.,https://verify-account.example.net/alert,award.exe,PHISHING
E0184,ops589@careers.example.com,careers.example.com,Order confirmation: Shopping portal,"Hello, this is an update from Student Services. Please review your schedule in the portal.",https://shop.example.net/order/45430,invoice.pdf,LEGITIMATE
E0185,user18@hr-help.example.com,hr-help.example.com,URGENT: Your account will be suspended today,Urgent review required for your pending package. Confirm your delivery details before the shipment is returned.,https://verify-account.example.net/alert,package.zip,PHISHING
E0186,finance622@careers.example.com,careers.example.com,Project meeting reminder,"Greetings, this is a weekly newsletter from the learning center. Please find attached the latest updates.",https://hr.example.org/benefits,invoice.pdf,LEGITIMATE
E0187,user704@account-portal.example.net,account-portal.example.net,Final notice: Invoice payment due immediately,The payroll team needs your confirmation details for a recent update. Please complete the form immediately.,http://89.116.60.1/verify,award.exe,PHISHING
E0188,student317@support.example.org,support.example.org,Course schedule update,Your password was updated successfully. This is a standard confirmation message.,https://meetings.example.com/project-review,meeting-notes.docx,LEGITIMATE
E0189,user102@payment-confirmation.example.org,payment-confirmation.example.org,Delivery issue: Confirm your shipment details,The payroll team needs your confirmation details for a recent update. Please complete the form immediately.,https://verify-account.example.net/alert,invoice.exe,PHISHING
E0190,finance136@billing.example.net,billing.example.net,Newsletter: Weekly security awareness tips,Your password was updated successfully. This is a standard confirmation message.,https://security.example.com/account-summary,invoice.pdf,LEGITIMATE
E0191,user860@secure-update.example.com,secure-update.example.com,Security alert: Password expires within 24 hours,Your password is expiring soon. Update your account to avoid temporary suspension.,https://secure-login.example.net/confirm,award.exe,PHISHING
E0192,ops824@example.edu,example.edu,Bank-style notification: Account summary,"Hello, this is an update from Student Services. Please review your schedule in the portal.",https://hr.example.org/benefits,meeting-notes.docx,LEGITIMATE
E0193,user890@account-portal.example.net,account-portal.example.net,Executive request: Please review this file,Urgent review required for your pending package. Confirm your delivery details before the shipment is returned.,https://secure-login.example.net/confirm,invoice.exe,PHISHING
E0194,hr15@careers.example.com,careers.example.com,University notice: New orientation schedule,Your order has been confirmed and the invoice is attached for your reference.,https://meetings.example.com/project-review,invoice.pdf,LEGITIMATE
E0195,user608@alert-support.example.net,alert-support.example.net,Delivery issue: Confirm your shipment details,Your account has been flagged for suspicious activity. Verify your credentials immediately or your access will be restricted.,https://tinyurl.com/hr-payroll-update,package.zip,PHISHING
E0196,student635@billing.example.net,billing.example.net,Newsletter: Weekly security awareness tips,Your password was updated successfully. This is a standard confirmation message.,https://hr.example.org/benefits,schedule.pdf,LEGITIMATE
E0197,user660@alert-support.example.net,alert-support.example.net,Security alert: Password expires within 24 hours,The payroll team needs your confirmation details for a recent update. Please complete the form immediately.,https://verify-account.example.net/alert,invoice.exe,PHISHING
E0198,finance47@example.edu,example.edu,Order confirmation: Shopping portal,Your order has been confirmed and the invoice is attached for your reference.,https://portal.example.edu/schedule,schedule.pdf,LEGITIMATE
E0199,user250@hr-help.example.com,hr-help.example.com,Final notice: Invoice payment due immediately,Your password is expiring soon. Update your account to avoid temporary suspension.,https://verify-account.example.net/alert,package.zip,PHISHING
E0200,alerts430@billing.example.net,billing.example.net,HR update: Annual benefits enrollment,Your order has been confirmed and the invoice is attached for your reference.,https://portal.example.edu/schedule,newsletter.pdf,LEGITIMATE
E0201,user640@alert-support.example.net,alert-support.example.net,Security alert: Password expires within 24 hours,Your account has been flagged for suspicious activity. Verify your credentials immediately or your access will be restricted.,https://secure-login.example.net/confirm,invoice.exe,PHISHING
E0202,hr456@university.example.edu,university.example.edu,Newsletter: Weekly security awareness tips,"Hello, this is an update from Student Services. Please review your schedule in the portal.",https://meetings.example.com/project-review,invoice.pdf,LEGITIMATE
E0203,user72@alert-support.example.net,alert-support.example.net,Security alert: Password expires within 24 hours,We noticed a failed payment and require confirmation of your invoice details. Use the secure portal to resolve this today.,http://89.116.60.1/verify,package.zip,PHISHING
E0204,student679@university.example.edu,university.example.edu,Course schedule update,"Hello, this is an update from Student Services. Please review your schedule in the portal.",https://meetings.example.com/project-review,meeting-notes.docx,LEGITIMATE
E0205,user138@hr-help.example.com,hr-help.example.com,Congratulations! You have won a digital rewards prize,Your account has been flagged for suspicious activity. Verify your credentials immediately or your access will be restricted.,https://payment-confirmation.example.org/invoice,invoice.exe,PHISHING
E0206,alerts222@university.example.edu,university.example.edu,Newsletter: Weekly security awareness tips,"Dear Team, the HR department has pushed updated benefits information. Please review it before Friday.",https://security.example.com/account-summary,schedule.pdf,LEGITIMATE
E0207,user293@secure-update.example.com,secure-update.example.com,Final notice: Invoice payment due immediately,Urgent review required for your pending package. Confirm your delivery details before the shipment is returned.,https://secure-login.example.net/confirm,invoice.exe,PHISHING
E0208,student677@example.edu,example.edu,HR update: Annual benefits enrollment,"Hello, this is an update from Student Services. Please review your schedule in the portal.",https://meetings.example.com/project-review,meeting-notes.docx,LEGITIMATE
E0209,user612@payment-confirmation.example.org,payment-confirmation.example.org,URGENT: Your account will be suspended today,We noticed a failed payment and require confirmation of your invoice details. Use the secure portal to resolve this today.,https://secure-login.example.net/confirm,invoice.exe,PHISHING
E0210,finance760@support.example.org,support.example.org,University notice: New orientation schedule,"Greetings, this is a weekly newsletter from the learning center. Please find attached the latest updates.",https://portal.example.edu/schedule,newsletter.pdf,LEGITIMATE
E0211,user469@payment-confirmation.example.org,payment-confirmation.example.org,Action required: Verify your email account,Your password is expiring soon. Update your account to avoid temporary suspension.,https://payment-confirmation.example.org/invoice,invoice.exe,PHISHING
E0212,alerts45@newsletter.example.com,newsletter.example.com,Order confirmation: Shopping portal,Your order has been confirmed and the invoice is attached for your reference.,https://portal.example.edu/schedule,schedule.pdf,LEGITIMATE
E0213,user500@alert-support.example.net,alert-support.example.net,Executive request: Please review this file,The payroll team needs your confirmation details for a recent update. Please complete the form immediately.,http://89.116.60.1/verify,package.zip,PHISHING
E0214,hr76@example.edu,example.edu,Newsletter: Weekly security awareness tips,Your password was updated successfully. This is a standard confirmation message.,https://hr.example.org/benefits,schedule.pdf,LEGITIMATE
E0215,user139@payment-confirmation.example.org,payment-confirmation.example.org,Delivery issue: Confirm your shipment details,Your password is expiring soon. Update your account to avoid temporary suspension.,https://payment-confirmation.example.org/invoice,award.exe,PHISHING
E0216,ops465@billing.example.net,billing.example.net,Password change confirmation,"Hello, this is an update from Student Services. Please review your schedule in the portal.",https://portal.example.edu/schedule,meeting-notes.docx,LEGITIMATE
E0217,user450@alert-support.example.net,alert-support.example.net,Congratulations! You have won a digital rewards prize,Your password is expiring soon. Update your account to avoid temporary suspension.,https://secure-login.example.net/confirm,package.zip,PHISHING
E0218,hr426@newsletter.example.com,newsletter.example.com,University notice: New orientation schedule,"Hi there, this is a meeting reminder for the product roadmap review. We have moved the session to 3:00 PM.",https://shop.example.net/order/45430,invoice.pdf,LEGITIMATE
E0219,user691@payment-confirmation.example.org,payment-confirmation.example.org,Delivery issue: Confirm your shipment details,We noticed a failed payment and require confirmation of your invoice details. Use the secure portal to resolve this today.,https://verify-account.example.net/alert,invoice.exe,PHISHING
E0220,student852@example.edu,example.edu,University notice: New orientation schedule,Your order has been confirmed and the invoice is attached for your reference.,https://portal.example.edu/schedule,invoice.pdf,LEGITIMATE
E0221,user841@secure-update.example.com,secure-update.example.com,URGENT: Your account will be suspended today,Urgent review required for your pending package. Confirm your delivery details before the shipment is returned.,https://payment-confirmation.example.org/invoice,award.exe,PHISHING
E0222,ops687@example.edu,example.edu,Password change confirmation,"Hi there, this is a meeting reminder for the product roadmap review. We have moved the session to 3:00 PM.",https://shop.example.net/order/45430,schedule.pdf,LEGITIMATE
E0223,user304@hr-help.example.com,hr-help.example.com,Security alert: Password expires within 24 hours,"Congratulations, you have been selected for a limited-time reward. Click the link to claim your benefit before the offer expires.",http://89.116.60.1/verify,award.exe,PHISHING
E0224,alerts218@university.example.edu,university.example.edu,Bank-style notification: Account summary,"Dear Team, the HR department has pushed updated benefits information. Please review it before Friday.",https://portal.example.edu/schedule,invoice.pdf,LEGITIMATE
E0225,user875@hr-help.example.com,hr-help.example.com,Delivery issue: Confirm your shipment details,Your account has been flagged for suspicious activity. Verify your credentials immediately or your access will be restricted.,https://secure-login.example.net/confirm,award.exe,PHISHING
E0226,finance827@support.example.org,support.example.org,Course schedule update,Your password was updated successfully. This is a standard confirmation message.,https://meetings.example.com/project-review,schedule.pdf,LEGITIMATE
E0227,user194@payment-confirmation.example.org,payment-confirmation.example.org,Security alert: Password expires within 24 hours,"Congratulations, you have been selected for a limited-time reward. Click the link to claim your benefit before the offer expires.",https://secure-login.example.net/confirm,invoice.exe,PHISHING
E0228,finance891@university.example.edu,university.example.edu,Password change confirmation,"Hello, this is an update from Student Services. Please review your schedule in the portal.",https://hr.example.org/benefits,schedule.pdf,LEGITIMATE
E0229,user103@account-portal.example.net,account-portal.example.net,Congratulations! You have won a digital rewards prize,Your password is expiring soon. Update your account to avoid temporary suspension.,https://verify-account.example.net/alert,package.zip,PHISHING
E0230,ops162@careers.example.com,careers.example.com,Order confirmation: Shopping portal,"Greetings, this is a weekly newsletter from the learning center. Please find attached the latest updates.",https://meetings.example.com/project-review,schedule.pdf,LEGITIMATE
E0231,user914@verify-account.example.net,verify-account.example.net,Final notice: Invoice payment due immediately,We noticed a failed payment and require confirmation of your invoice details. Use the secure portal to resolve this today.,https://payment-confirmation.example.org/invoice,invoice.exe,PHISHING
E0232,student279@support.example.org,support.example.org,Password change confirmation,Your order has been confirmed and the invoice is attached for your reference.,https://security.example.com/account-summary,newsletter.pdf,LEGITIMATE
E0233,user434@payment-confirmation.example.org,payment-confirmation.example.org,Congratulations! You have won a digital rewards prize,Urgent review required for your pending package. Confirm your delivery details before the shipment is returned.,http://89.116.60.1/verify,package.zip,PHISHING
E0234,hr114@careers.example.com,careers.example.com,Bank-style notification: Account summary,Your password was updated successfully. This is a standard confirmation message.,https://meetings.example.com/project-review,schedule.pdf,LEGITIMATE
E0235,user235@alert-support.example.net,alert-support.example.net,URGENT: Your account will be suspended today,Your account has been flagged for suspicious activity. Verify your credentials immediately or your access will be restricted.,https://tinyurl.com/hr-payroll-update,package.zip,PHISHING
E0236,finance786@university.example.edu,university.example.edu,Order confirmation: Shopping portal,"Hi there, this is a meeting reminder for the product roadmap review. We have moved the session to 3:00 PM.",https://meetings.example.com/project-review,schedule.pdf,LEGITIMATE
E0237,user17@alert-support.example.net,alert-support.example.net,Executive request: Please review this file,We noticed a failed payment and require confirmation of your invoice details. Use the secure portal to resolve this today.,https://tinyurl.com/hr-payroll-update,package.zip,PHISHING
E0238,alerts721@university.example.edu,university.example.edu,Newsletter: Weekly security awareness tips,"Hello, this is an update from Student Services. Please review your schedule in the portal.",https://shop.example.net/order/45430,schedule.pdf,LEGITIMATE
E0239,user456@verify-account.example.net,verify-account.example.net,HR notice: Payroll verification required,Your account has been flagged for suspicious activity. Verify your credentials immediately or your access will be restricted.,https://secure-login.example.net/confirm,award.exe,PHISHING
E0240,hr588@support.example.org,support.example.org,Password change confirmation,"Hi there, this is a meeting reminder for the product roadmap review. We have moved the session to 3:00 PM.",https://portal.example.edu/schedule,newsletter.pdf,LEGITIMATE
E0241,user31@payment-confirmation.example.org,payment-confirmation.example.org,Final notice: Invoice payment due immediately,Urgent review required for your pending package. Confirm your delivery details before the shipment is returned.,https://verify-account.example.net/alert,award.exe,PHISHING
E0242,ops91@support.example.org,support.example.org,University notice: New orientation schedule,"Dear Team, the HR department has pushed updated benefits information. Please review it before Friday.",https://shop.example.net/order/45430,newsletter.pdf,LEGITIMATE
E0243,user546@verify-account.example.net,verify-account.example.net,Executive request: Please review this file,"Congratulations, you have been selected for a limited-time reward. Click the link to claim your benefit before the offer expires.",https://secure-login.example.net/confirm,invoice.exe,PHISHING
E0244,ops798@university.example.edu,university.example.edu,University notice: New orientation schedule,Your password was updated successfully. This is a standard confirmation message.,https://portal.example.edu/schedule,meeting-notes.docx,LEGITIMATE
E0245,user937@payment-confirmation.example.org,payment-confirmation.example.org,Delivery issue: Confirm your shipment details,The payroll team needs your confirmation details for a recent update. Please complete the form immediately.,https://tinyurl.com/hr-payroll-update,invoice.exe,PHISHING
E0246,student150@careers.example.com,careers.example.com,Project meeting reminder,"Dear Team, the HR department has pushed updated benefits information. Please review it before Friday.",https://security.example.com/account-summary,meeting-notes.docx,LEGITIMATE
E0247,user788@account-portal.example.net,account-portal.example.net,Action required: Verify your email account,We noticed a failed payment and require confirmation of your invoice details. Use the secure portal to resolve this today.,https://verify-account.example.net/alert,package.zip,PHISHING
E0248,alerts779@billing.example.net,billing.example.net,Bank-style notification: Account summary,"Greetings, this is a weekly newsletter from the learning center. Please find attached the latest updates.",https://security.example.com/account-summary,invoice.pdf,LEGITIMATE
E0249,user894@account-portal.example.net,account-portal.example.net,Delivery issue: Confirm your shipment details,We noticed a failed payment and require confirmation of your invoice details. Use the secure portal to resolve this today.,https://verify-account.example.net/alert,invoice.exe,PHISHING
E0250,hr453@newsletter.example.com,newsletter.example.com,Order confirmation: Shopping portal,"Hi there, this is a meeting reminder for the product roadmap review. We have moved the session to 3:00 PM.",https://security.example.com/account-summary,schedule.pdf,LEGITIMATE
E0251,user370@hr-help.example.com,hr-help.example.com,Action required: Verify your email account,"Congratulations, you have been selected for a limited-time reward. Click the link to claim your benefit before the offer expires.",https://verify-account.example.net/alert,package.zip,PHISHING
E0252,student59@careers.example.com,careers.example.com,Order confirmation: Shopping portal,"Hello, this is an update from Student Services. Please review your schedule in the portal.",https://portal.example.edu/schedule,newsletter.pdf,LEGITIMATE
E0253,user483@hr-help.example.com,hr-help.example.com,URGENT: Your account will be suspended today,Your password is expiring soon. Update your account to avoid temporary suspension.,https://payment-confirmation.example.org/invoice,award.exe,PHISHING
E0254,finance330@billing.example.net,billing.example.net,Bank-style notification: Account summary,Your password was updated successfully. This is a standard confirmation message.,https://hr.example.org/benefits,schedule.pdf,LEGITIMATE
E0255,user471@verify-account.example.net,verify-account.example.net,Delivery issue: Confirm your shipment details,The payroll team needs your confirmation details for a recent update. Please complete the form immediately.,http://89.116.60.1/verify,award.exe,PHISHING
E0256,finance41@university.example.edu,university.example.edu,Bank-style notification: Account summary,Your order has been confirmed and the invoice is attached for your reference.,https://security.example.com/account-summary,meeting-notes.docx,LEGITIMATE
E0257,user382@payment-confirmation.example.org,payment-confirmation.example.org,Security alert: Password expires within 24 hours,Your password is expiring soon. Update your account to avoid temporary suspension.,https://verify-account.example.net/alert,package.zip,PHISHING
E0258,alerts54@newsletter.example.com,newsletter.example.com,Newsletter: Weekly security awareness tips,"Hello, this is an update from Student Services. Please review your schedule in the portal.",https://meetings.example.com/project-review,schedule.pdf,LEGITIMATE
E0259,user581@account-portal.example.net,account-portal.example.net,Executive request: Please review this file,"Congratulations, you have been selected for a limited-time reward. Click the link to claim your benefit before the offer expires.",https://secure-login.example.net/confirm,award.exe,PHISHING
E0260,alerts895@university.example.edu,university.example.edu,Newsletter: Weekly security awareness tips,"Hello, this is an update from Student Services. Please review your schedule in the portal.",https://security.example.com/account-summary,meeting-notes.docx,LEGITIMATE
E0261,user948@payment-confirmation.example.org,payment-confirmation.example.org,Security alert: Password expires within 24 hours,The payroll team needs your confirmation details for a recent update. Please complete the form immediately.,https://verify-account.example.net/alert,invoice.exe,PHISHING
E0262,alerts726@example.edu,example.edu,Order confirmation: Shopping portal,Your password was updated successfully. This is a standard confirmation message.,https://shop.example.net/order/45430,invoice.pdf,LEGITIMATE
E0263,user842@secure-update.example.com,secure-update.example.com,Action required: Verify your email account,The payroll team needs your confirmation details for a recent update. Please complete the form immediately.,https://verify-account.example.net/alert,award.exe,PHISHING
E0264,ops19@careers.example.com,careers.example.com,Order confirmation: Shopping portal,"Dear Team, the HR department has pushed updated benefits information. Please review it before Friday.",https://hr.example.org/benefits,invoice.pdf,LEGITIMATE
E0265,user980@alert-support.example.net,alert-support.example.net,Congratulations! You have won a digital rewards prize,We noticed a failed payment and require confirmation of your invoice details. Use the secure portal to resolve this today.,https://tinyurl.com/hr-payroll-update,invoice.exe,PHISHING
E0266,student303@example.edu,example.edu,Course schedule update,"Greetings, this is a weekly newsletter from the learning center. Please find attached the latest updates.",https://meetings.example.com/project-review,meeting-notes.docx,LEGITIMATE
E0267,user621@alert-support.example.net,alert-support.example.net,Final notice: Invoice payment due immediately,We noticed a failed payment and require confirmation of your invoice details. Use the secure portal to resolve this today.,https://tinyurl.com/hr-payroll-update,award.exe,PHISHING
E0268,alerts829@university.example.edu,university.example.edu,Bank-style notification: Account summary,"Hello, this is an update from Student Services. Please review your schedule in the portal.",https://shop.example.net/order/45430,invoice.pdf,LEGITIMATE
E0269,user702@account-portal.example.net,account-portal.example.net,Congratulations! You have won a digital rewards prize,Your password is expiring soon. Update your account to avoid temporary suspension.,https://payment-confirmation.example.org/invoice,package.zip,PHISHING
E0270,hr240@billing.example.net,billing.example.net,Project meeting reminder,"Hi there, this is a meeting reminder for the product roadmap review. We have moved the session to 3:00 PM.",https://shop.example.net/order/45430,meeting-notes.docx,LEGITIMATE
E0271,user386@account-portal.example.net,account-portal.example.net,HR notice: Payroll verification required,Your password is expiring soon. Update your account to avoid temporary suspension.,https://secure-login.example.net/confirm,package.zip,PHISHING
E0272,alerts541@support.example.org,support.example.org,HR update: Annual benefits enrollment,"Dear Team, the HR department has pushed updated benefits information. Please review it before Friday.",https://security.example.com/account-summary,meeting-notes.docx,LEGITIMATE
E0273,user903@payment-confirmation.example.org,payment-confirmation.example.org,URGENT: Your account will be suspended today,The payroll team needs your confirmation details for a recent update. Please complete the form immediately.,https://verify-account.example.net/alert,package.zip,PHISHING
E0274,alerts957@example.edu,example.edu,University notice: New orientation schedule,"Hi there, this is a meeting reminder for the product roadmap review. We have moved the session to 3:00 PM.",https://portal.example.edu/schedule,meeting-notes.docx,LEGITIMATE
E0275,user289@alert-support.example.net,alert-support.example.net,Final notice: Invoice payment due immediately,Your password is expiring soon. Update your account to avoid temporary suspension.,http://89.116.60.1/verify,invoice.exe,PHISHING
E0276,hr906@careers.example.com,careers.example.com,Course schedule update,Your order has been confirmed and the invoice is attached for your reference.,https://portal.example.edu/schedule,newsletter.pdf,LEGITIMATE
E0277,user524@payment-confirmation.example.org,payment-confirmation.example.org,Congratulations! You have won a digital rewards prize,Your password is expiring soon. Update your account to avoid temporary suspension.,http://89.116.60.1/verify,package.zip,PHISHING
E0278,finance29@careers.example.com,careers.example.com,University notice: New orientation schedule,"Greetings, this is a weekly newsletter from the learning center. Please find attached the latest updates.",https://meetings.example.com/project-review,meeting-notes.docx,LEGITIMATE
E0279,user150@verify-account.example.net,verify-account.example.net,Security alert: Password expires within 24 hours,Your password is expiring soon. Update your account to avoid temporary suspension.,https://tinyurl.com/hr-payroll-update,award.exe,PHISHING
E0280,hr460@billing.example.net,billing.example.net,Course schedule update,"Hello, this is an update from Student Services. Please review your schedule in the portal.",https://portal.example.edu/schedule,invoice.pdf,LEGITIMATE
E0281,user230@secure-update.example.com,secure-update.example.com,Executive request: Please review this file,Your account has been flagged for suspicious activity. Verify your credentials immediately or your access will be restricted.,https://secure-login.example.net/confirm,invoice.exe,PHISHING
E0282,ops125@example.edu,example.edu,Project meeting reminder,Your order has been confirmed and the invoice is attached for your reference.,https://security.example.com/account-summary,newsletter.pdf,LEGITIMATE
E0283,user74@verify-account.example.net,verify-account.example.net,HR notice: Payroll verification required,Urgent review required for your pending package. Confirm your delivery details before the shipment is returned.,https://payment-confirmation.example.org/invoice,invoice.exe,PHISHING
E0284,alerts589@university.example.edu,university.example.edu,HR update: Annual benefits enrollment,"Hi there, this is a meeting reminder for the product roadmap review. We have moved the session to 3:00 PM.",https://shop.example.net/order/45430,schedule.pdf,LEGITIMATE
E0285,user639@payment-confirmation.example.org,payment-confirmation.example.org,Congratulations! You have won a digital rewards prize,Urgent review required for your pending package. Confirm your delivery details before the shipment is returned.,https://verify-account.example.net/alert,invoice.exe,PHISHING
E0286,student537@careers.example.com,careers.example.com,University notice: New orientation schedule,Your password was updated successfully. This is a standard confirmation message.,https://security.example.com/account-summary,schedule.pdf,LEGITIMATE
E0287,user409@alert-support.example.net,alert-support.example.net,URGENT: Your account will be suspended today,The payroll team needs your confirmation details for a recent update. Please complete the form immediately.,https://verify-account.example.net/alert,package.zip,PHISHING
E0288,ops766@example.edu,example.edu,Newsletter: Weekly security awareness tips,"Hello, this is an update from Student Services. Please review your schedule in the portal.",https://meetings.example.com/project-review,meeting-notes.docx,LEGITIMATE
E0289,user760@account-portal.example.net,account-portal.example.net,Action required: Verify your email account,Urgent review required for your pending package. Confirm your delivery details before the shipment is returned.,https://secure-login.example.net/confirm,invoice.exe,PHISHING
E0290,student361@billing.example.net,billing.example.net,Newsletter: Weekly security awareness tips,"Greetings, this is a weekly newsletter from the learning center. Please find attached the latest updates.",https://hr.example.org/benefits,newsletter.pdf,LEGITIMATE
E0291,user722@alert-support.example.net,alert-support.example.net,Final notice: Invoice payment due immediately,We noticed a failed payment and require confirmation of your invoice details. Use the secure portal to resolve this today.,http://89.116.60.1/verify,award.exe,PHISHING
E0292,hr38@careers.example.com,careers.example.com,Project meeting reminder,"Hello, this is an update from Student Services. Please review your schedule in the portal.",https://hr.example.org/benefits,schedule.pdf,LEGITIMATE
E0293,user333@payment-confirmation.example.org,payment-confirmation.example.org,Executive request: Please review this file,Urgent review required for your pending package. Confirm your delivery details before the shipment is returned.,https://verify-account.example.net/alert,package.zip,PHISHING
E0294,student772@newsletter.example.com,newsletter.example.com,Project meeting reminder,"Hi there, this is a meeting reminder for the product roadmap review. We have moved the session to 3:00 PM.",https://meetings.example.com/project-review,schedule.pdf,LEGITIMATE
E0295,user896@account-portal.example.net,account-portal.example.net,Delivery issue: Confirm your shipment details,"Congratulations, you have been selected for a limited-time reward. Click the link to claim your benefit before the offer expires.",http://89.116.60.1/verify,package.zip,PHISHING
E0296,hr911@support.example.org,support.example.org,Bank-style notification: Account summary,Your order has been confirmed and the invoice is attached for your reference.,https://meetings.example.com/project-review,meeting-notes.docx,LEGITIMATE
E0297,user518@account-portal.example.net,account-portal.example.net,HR notice: Payroll verification required,"Congratulations, you have been selected for a limited-time reward. Click the link to claim your benefit before the offer expires.",https://payment-confirmation.example.org/invoice,package.zip,PHISHING
E0298,student745@support.example.org,support.example.org,University notice: New orientation schedule,Your order has been confirmed and the invoice is attached for your reference.,https://security.example.com/account-summary,meeting-notes.docx,LEGITIMATE
E0299,user568@payment-confirmation.example.org,payment-confirmation.example.org,Delivery issue: Confirm your shipment details,Your account has been flagged for suspicious activity. Verify your credentials immediately or your access will be restricted.,http://89.116.60.1/verify,package.zip,PHISHING
E0300,ops314@support.example.org,support.example.org,Password change confirmation,"Dear Team, the HR department has pushed updated benefits information. Please review it before Friday.",https://shop.example.net/order/45430,invoice.pdf,LEGITIMATE
E0301,user467@verify-account.example.net,verify-account.example.net,Delivery issue: Confirm your shipment details,Urgent review required for your pending package. Confirm your delivery details before the shipment is returned.,https://verify-account.example.net/alert,package.zip,PHISHING
E0302,student77@newsletter.example.com,newsletter.example.com,Password change confirmation,"Hi there, this is a meeting reminder for the product roadmap review. We have moved the session to 3:00 PM.",https://security.example.com/account-summary,meeting-notes.docx,LEGITIMATE
E0303,user985@verify-account.example.net,verify-account.example.net,Final notice: Invoice payment due immediately,Urgent review required for your pending package. Confirm your delivery details before the shipment is returned.,https://verify-account.example.net/alert,invoice.exe,PHISHING
E0304,finance69@university.example.edu,university.example.edu,Newsletter: Weekly security awareness tips,"Hi there, this is a meeting reminder for the product roadmap review. We have moved the session to 3:00 PM.",https://shop.example.net/order/45430,schedule.pdf,LEGITIMATE
E0305,user629@secure-update.example.com,secure-update.example.com,HR notice: Payroll verification required,"Congratulations, you have been selected for a limited-time reward. Click the link to claim your benefit before the offer expires.",https://secure-login.example.net/confirm,package.zip,PHISHING
E0306,student588@university.example.edu,university.example.edu,Newsletter: Weekly security awareness tips,Your order has been confirmed and the invoice is attached for your reference.,https://meetings.example.com/project-review,invoice.pdf,LEGITIMATE
E0307,user265@verify-account.example.net,verify-account.example.net,URGENT: Your account will be suspended today,The payroll team needs your confirmation details for a recent update. Please complete the form immediately.,https://tinyurl.com/hr-payroll-update,package.zip,PHISHING
E0308,alerts397@billing.example.net,billing.example.net,University notice: New orientation schedule,"Hi there, this is a meeting reminder for the product roadmap review. We have moved the session to 3:00 PM.",https://meetings.example.com/project-review,newsletter.pdf,LEGITIMATE
E0309,user229@hr-help.example.com,hr-help.example.com,Security alert: Password expires within 24 hours,The payroll team needs your confirmation details for a recent update. Please complete the form immediately.,https://verify-account.example.net/alert,invoice.exe,PHISHING
E0310,student139@example.edu,example.edu,Bank-style notification: Account summary,"Dear Team, the HR department has pushed updated benefits information. Please review it before Friday.",https://shop.example.net/order/45430,schedule.pdf,LEGITIMATE
E0311,user839@account-portal.example.net,account-portal.example.net,Delivery issue: Confirm your shipment details,The payroll team needs your confirmation details for a recent update. Please complete the form immediately.,https://secure-login.example.net/confirm,award.exe,PHISHING
E0312,student564@billing.example.net,billing.example.net,Order confirmation: Shopping portal,"Hi there, this is a meeting reminder for the product roadmap review. We have moved the session to 3:00 PM.",https://hr.example.org/benefits,meeting-notes.docx,LEGITIMATE
E0313,user822@payment-confirmation.example.org,payment-confirmation.example.org,Congratulations! You have won a digital rewards prize,Your account has been flagged for suspicious activity. Verify your credentials immediately or your access will be restricted.,https://tinyurl.com/hr-payroll-update,invoice.exe,PHISHING
E0314,finance810@support.example.org,support.example.org,Course schedule update,"Hi there, this is a meeting reminder for the product roadmap review. We have moved the session to 3:00 PM.",https://security.example.com/account-summary,invoice.pdf,LEGITIMATE
E0315,user488@hr-help.example.com,hr-help.example.com,Final notice: Invoice payment due immediately,Urgent review required for your pending package. Confirm your delivery details before the shipment is returned.,http://89.116.60.1/verify,invoice.exe,PHISHING
E0316,ops408@newsletter.example.com,newsletter.example.com,Bank-style notification: Account summary,Your password was updated successfully. This is a standard confirmation message.,https://shop.example.net/order/45430,newsletter.pdf,LEGITIMATE
E0317,user853@hr-help.example.com,hr-help.example.com,Action required: Verify your email account,We noticed a failed payment and require confirmation of your invoice details. Use the secure portal to resolve this today.,https://secure-login.example.net/confirm,award.exe,PHISHING
E0318,student461@support.example.org,support.example.org,Newsletter: Weekly security awareness tips,"Dear Team, the HR department has pushed updated benefits information. Please review it before Friday.",https://security.example.com/account-summary,meeting-notes.docx,LEGITIMATE
E0319,user796@secure-update.example.com,secure-update.example.com,Executive request: Please review this file,Urgent review required for your pending package. Confirm your delivery details before the shipment is returned.,http://89.116.60.1/verify,invoice.exe,PHISHING
E0320,alerts157@careers.example.com,careers.example.com,HR update: Annual benefits enrollment,"Dear Team, the HR department has pushed updated benefits information. Please review it before Friday.",https://meetings.example.com/project-review,meeting-notes.docx,LEGITIMATE
E0321,user364@hr-help.example.com,hr-help.example.com,Security alert: Password expires within 24 hours,Your account has been flagged for suspicious activity. Verify your credentials immediately or your access will be restricted.,https://secure-login.example.net/confirm,invoice.exe,PHISHING
E0322,alerts282@university.example.edu,university.example.edu,Order confirmation: Shopping portal,Your password was updated successfully. This is a standard confirmation message.,https://security.example.com/account-summary,schedule.pdf,LEGITIMATE
E0323,user524@account-portal.example.net,account-portal.example.net,Final notice: Invoice payment due immediately,Urgent review required for your pending package. Confirm your delivery details before the shipment is returned.,https://payment-confirmation.example.org/invoice,invoice.exe,PHISHING
E0324,finance675@billing.example.net,billing.example.net,Newsletter: Weekly security awareness tips,Your password was updated successfully. This is a standard confirmation message.,https://portal.example.edu/schedule,schedule.pdf,LEGITIMATE
E0325,user93@verify-account.example.net,verify-account.example.net,Security alert: Password expires within 24 hours,The payroll team needs your confirmation details for a recent update. Please complete the form immediately.,https://tinyurl.com/hr-payroll-update,award.exe,PHISHING
E0326,hr633@newsletter.example.com,newsletter.example.com,Course schedule update,Your order has been confirmed and the invoice is attached for your reference.,https://security.example.com/account-summary,invoice.pdf,LEGITIMATE
E0327,user667@payment-confirmation.example.org,payment-confirmation.example.org,HR notice: Payroll verification required,We noticed a failed payment and require confirmation of your invoice details. Use the secure portal to resolve this today.,https://verify-account.example.net/alert,package.zip,PHISHING
E0328,hr75@newsletter.example.com,newsletter.example.com,Course schedule update,"Dear Team, the HR department has pushed updated benefits information. Please review it before Friday.",https://shop.example.net/order/45430,newsletter.pdf,LEGITIMATE
E0329,user505@alert-support.example.net,alert-support.example.net,Congratulations! You have won a digital rewards prize,"Congratulations, you have been selected for a limited-time reward. Click the link to claim your benefit before the offer expires.",https://payment-confirmation.example.org/invoice,invoice.exe,PHISHING
E0330,ops883@newsletter.example.com,newsletter.example.com,Newsletter: Weekly security awareness tips,"Greetings, this is a weekly newsletter from the learning center. Please find attached the latest updates.",https://meetings.example.com/project-review,newsletter.pdf,LEGITIMATE
E0331,user143@payment-confirmation.example.org,payment-confirmation.example.org,Action required: Verify your email account,"Congratulations, you have been selected for a limited-time reward. Click the link to claim your benefit before the offer expires.",https://tinyurl.com/hr-payroll-update,package.zip,PHISHING
E0332,student274@support.example.org,support.example.org,Project meeting reminder,"Dear Team, the HR department has pushed updated benefits information. Please review it before Friday.",https://portal.example.edu/schedule,schedule.pdf,LEGITIMATE
E0333,user307@alert-support.example.net,alert-support.example.net,Executive request: Please review this file,We noticed a failed payment and require confirmation of your invoice details. Use the secure portal to resolve this today.,https://tinyurl.com/hr-payroll-update,package.zip,PHISHING
E0334,alerts739@careers.example.com,careers.example.com,Project meeting reminder,"Dear Team, the HR department has pushed updated benefits information. Please review it before Friday.",https://shop.example.net/order/45430,newsletter.pdf,LEGITIMATE
E0335,user520@payment-confirmation.example.org,payment-confirmation.example.org,HR notice: Payroll verification required,Your account has been flagged for suspicious activity. Verify your credentials immediately or your access will be restricted.,http://89.116.60.1/verify,package.zip,PHISHING
E0336,alerts469@university.example.edu,university.example.edu,Project meeting reminder,Your password was updated successfully. This is a standard confirmation message.,https://meetings.example.com/project-review,schedule.pdf,LEGITIMATE
E0337,user61@payment-confirmation.example.org,payment-confirmation.example.org,HR notice: Payroll verification required,Urgent review required for your pending package. Confirm your delivery details before the shipment is returned.,https://verify-account.example.net/alert,package.zip,PHISHING
E0338,alerts9@example.edu,example.edu,Password change confirmation,"Dear Team, the HR department has pushed updated benefits information. Please review it before Friday.",https://meetings.example.com/project-review,invoice.pdf,LEGITIMATE
E0339,user792@alert-support.example.net,alert-support.example.net,Delivery issue: Confirm your shipment details,Your account has been flagged for suspicious activity. Verify your credentials immediately or your access will be restricted.,https://verify-account.example.net/alert,invoice.exe,PHISHING
E0340,alerts576@university.example.edu,university.example.edu,Newsletter: Weekly security awareness tips,Your password was updated successfully. This is a standard confirmation message.,https://meetings.example.com/project-review,schedule.pdf,LEGITIMATE
E0341,user405@hr-help.example.com,hr-help.example.com,HR notice: Payroll verification required,Urgent review required for your pending package. Confirm your delivery details before the shipment is returned.,https://secure-login.example.net/confirm,award.exe,PHISHING
E0342,alerts122@university.example.edu,university.example.edu,University notice: New orientation schedule,Your order has been confirmed and the invoice is attached for your reference.,https://meetings.example.com/project-review,invoice.pdf,LEGITIMATE
E0343,user581@payment-confirmation.example.org,payment-confirmation.example.org,Final notice: Invoice payment due immediately,We noticed a failed payment and require confirmation of your invoice details. Use the secure portal to resolve this today.,https://payment-confirmation.example.org/invoice,award.exe,PHISHING
E0344,hr513@example.edu,example.edu,Course schedule update,"Hello, this is an update from Student Services. Please review your schedule in the portal.",https://hr.example.org/benefits,invoice.pdf,LEGITIMATE
E0345,user833@alert-support.example.net,alert-support.example.net,HR notice: Payroll verification required,We noticed a failed payment and require confirmation of your invoice details. Use the secure portal to resolve this today.,https://payment-confirmation.example.org/invoice,award.exe,PHISHING
E0346,finance336@billing.example.net,billing.example.net,Newsletter: Weekly security awareness tips,"Dear Team, the HR department has pushed updated benefits information. Please review it before Friday.",https://shop.example.net/order/45430,invoice.pdf,LEGITIMATE
E0347,user617@payment-confirmation.example.org,payment-confirmation.example.org,HR notice: Payroll verification required,The payroll team needs your confirmation details for a recent update. Please complete the form immediately.,https://payment-confirmation.example.org/invoice,package.zip,PHISHING
E0348,hr836@example.edu,example.edu,Newsletter: Weekly security awareness tips,"Hi there, this is a meeting reminder for the product roadmap review. We have moved the session to 3:00 PM.",https://portal.example.edu/schedule,newsletter.pdf,LEGITIMATE
E0349,user607@payment-confirmation.example.org,payment-confirmation.example.org,URGENT: Your account will be suspended today,Urgent review required for your pending package. Confirm your delivery details before the shipment is returned.,https://verify-account.example.net/alert,package.zip,PHISHING
E0350,alerts592@university.example.edu,university.example.edu,Course schedule update,Your password was updated successfully. This is a standard confirmation message.,https://shop.example.net/order/45430,meeting-notes.docx,LEGITIMATE
E0351,user546@account-portal.example.net,account-portal.example.net,Executive request: Please review this file,We noticed a failed payment and require confirmation of your invoice details. Use the secure portal to resolve this today.,https://tinyurl.com/hr-payroll-update,invoice.exe,PHISHING
E0352,alerts971@newsletter.example.com,newsletter.example.com,University notice: New orientation schedule,"Dear Team, the HR department has pushed updated benefits information. Please review it before Friday.",https://portal.example.edu/schedule,newsletter.pdf,LEGITIMATE
E0353,user331@alert-support.example.net,alert-support.example.net,Final notice: Invoice payment due immediately,Your password is expiring soon. Update your account to avoid temporary suspension.,https://tinyurl.com/hr-payroll-update,package.zip,PHISHING
E0354,alerts794@billing.example.net,billing.example.net,Bank-style notification: Account summary,"Greetings, this is a weekly newsletter from the learning center. Please find attached the latest updates.",https://portal.example.edu/schedule,meeting-notes.docx,LEGITIMATE
E0355,user541@secure-update.example.com,secure-update.example.com,Delivery issue: Confirm your shipment details,The payroll team needs your confirmation details for a recent update. Please complete the form immediately.,https://verify-account.example.net/alert,award.exe,PHISHING
E0356,hr322@university.example.edu,university.example.edu,Bank-style notification: Account summary,Your password was updated successfully. This is a standard confirmation message.,https://meetings.example.com/project-review,invoice.pdf,LEGITIMATE
E0357,user702@account-portal.example.net,account-portal.example.net,Security alert: Password expires within 24 hours,Urgent review required for your pending package. Confirm your delivery details before the shipment is returned.,https://verify-account.example.net/alert,invoice.exe,PHISHING
E0358,finance286@billing.example.net,billing.example.net,Order confirmation: Shopping portal,"Dear Team, the HR department has pushed updated benefits information. Please review it before Friday.",https://meetings.example.com/project-review,invoice.pdf,LEGITIMATE
E0359,user731@secure-update.example.com,secure-update.example.com,HR notice: Payroll verification required,"Congratulations, you have been selected for a limited-time reward. Click the link to claim your benefit before the offer expires.",https://verify-account.example.net/alert,package.zip,PHISHING
E0360,alerts957@newsletter.example.com,newsletter.example.com,Order confirmation: Shopping portal,"Hi there, this is a meeting reminder for the product roadmap review. We have moved the session to 3:00 PM.",https://portal.example.edu/schedule,newsletter.pdf,LEGITIMATE
E0361,user927@alert-support.example.net,alert-support.example.net,Delivery issue: Confirm your shipment details,We noticed a failed payment and require confirmation of your invoice details. Use the secure portal to resolve this today.,https://secure-login.example.net/confirm,invoice.exe,PHISHING
E0362,ops979@newsletter.example.com,newsletter.example.com,University notice: New orientation schedule,"Hi there, this is a meeting reminder for the product roadmap review. We have moved the session to 3:00 PM.",https://shop.example.net/order/45430,invoice.pdf,LEGITIMATE
E0363,user775@alert-support.example.net,alert-support.example.net,Congratulations! You have won a digital rewards prize,We noticed a failed payment and require confirmation of your invoice details. Use the secure portal to resolve this today.,https://payment-confirmation.example.org/invoice,package.zip,PHISHING
E0364,alerts713@careers.example.com,careers.example.com,HR update: Annual benefits enrollment,"Hello, this is an update from Student Services. Please review your schedule in the portal.",https://security.example.com/account-summary,meeting-notes.docx,LEGITIMATE
E0365,user258@verify-account.example.net,verify-account.example.net,Congratulations! You have won a digital rewards prize,The payroll team needs your confirmation details for a recent update. Please complete the form immediately.,https://tinyurl.com/hr-payroll-update,invoice.exe,PHISHING
E0366,student424@careers.example.com,careers.example.com,Bank-style notification: Account summary,"Hello, this is an update from Student Services. Please review your schedule in the portal.",https://hr.example.org/benefits,schedule.pdf,LEGITIMATE
E0367,user997@hr-help.example.com,hr-help.example.com,Final notice: Invoice payment due immediately,Your password is expiring soon. Update your account to avoid temporary suspension.,https://verify-account.example.net/alert,package.zip,PHISHING
E0368,finance775@careers.example.com,careers.example.com,Newsletter: Weekly security awareness tips,"Hi there, this is a meeting reminder for the product roadmap review. We have moved the session to 3:00 PM.",https://portal.example.edu/schedule,schedule.pdf,LEGITIMATE
E0369,user677@hr-help.example.com,hr-help.example.com,Congratulations! You have won a digital rewards prize,Urgent review required for your pending package. Confirm your delivery details before the shipment is returned.,http://89.116.60.1/verify,invoice.exe,PHISHING
E0370,hr904@university.example.edu,university.example.edu,Course schedule update,Your order has been confirmed and the invoice is attached for your reference.,https://shop.example.net/order/45430,meeting-notes.docx,LEGITIMATE
E0371,user969@account-portal.example.net,account-portal.example.net,Security alert: Password expires within 24 hours,Your account has been flagged for suspicious activity. Verify your credentials immediately or your access will be restricted.,http://89.116.60.1/verify,package.zip,PHISHING
E0372,alerts618@example.edu,example.edu,Newsletter: Weekly security awareness tips,"Hi there, this is a meeting reminder for the product roadmap review. We have moved the session to 3:00 PM.",https://shop.example.net/order/45430,newsletter.pdf,LEGITIMATE
E0373,user920@secure-update.example.com,secure-update.example.com,HR notice: Payroll verification required,"Congratulations, you have been selected for a limited-time reward. Click the link to claim your benefit before the offer expires.",https://tinyurl.com/hr-payroll-update,invoice.exe,PHISHING
E0374,ops167@newsletter.example.com,newsletter.example.com,Bank-style notification: Account summary,"Greetings, this is a weekly newsletter from the learning center. Please find attached the latest updates.",https://meetings.example.com/project-review,meeting-notes.docx,LEGITIMATE
E0375,user24@account-portal.example.net,account-portal.example.net,Delivery issue: Confirm your shipment details,"Congratulations, you have been selected for a limited-time reward. Click the link to claim your benefit before the offer expires.",https://payment-confirmation.example.org/invoice,award.exe,PHISHING
E0376,finance180@billing.example.net,billing.example.net,Password change confirmation,Your order has been confirmed and the invoice is attached for your reference.,https://security.example.com/account-summary,invoice.pdf,LEGITIMATE
E0377,user98@alert-support.example.net,alert-support.example.net,Action required: Verify your email account,We noticed a failed payment and require confirmation of your invoice details. Use the secure portal to resolve this today.,https://tinyurl.com/hr-payroll-update,package.zip,PHISHING
E0378,ops959@university.example.edu,university.example.edu,Course schedule update,"Hi there, this is a meeting reminder for the product roadmap review. We have moved the session to 3:00 PM.",https://shop.example.net/order/45430,meeting-notes.docx,LEGITIMATE
E0379,user467@payment-confirmation.example.org,payment-confirmation.example.org,Delivery issue: Confirm your shipment details,"Congratulations, you have been selected for a limited-time reward. Click the link to claim your benefit before the offer expires.",https://payment-confirmation.example.org/invoice,award.exe,PHISHING
E0380,alerts12@careers.example.com,careers.example.com,Newsletter: Weekly security awareness tips,"Greetings, this is a weekly newsletter from the learning center. Please find attached the latest updates.",https://hr.example.org/benefits,schedule.pdf,LEGITIMATE
E0381,user693@verify-account.example.net,verify-account.example.net,HR notice: Payroll verification required,"Congratulations, you have been selected for a limited-time reward. Click the link to claim your benefit before the offer expires.",https://tinyurl.com/hr-payroll-update,package.zip,PHISHING
E0382,alerts946@newsletter.example.com,newsletter.example.com,Order confirmation: Shopping portal,"Greetings, this is a weekly newsletter from the learning center. Please find attached the latest updates.",https://portal.example.edu/schedule,invoice.pdf,LEGITIMATE
E0383,user386@hr-help.example.com,hr-help.example.com,Congratulations! You have won a digital rewards prize,We noticed a failed payment and require confirmation of your invoice details. Use the secure portal to resolve this today.,https://tinyurl.com/hr-payroll-update,package.zip,PHISHING
E0384,finance466@newsletter.example.com,newsletter.example.com,Newsletter: Weekly security awareness tips,Your order has been confirmed and the invoice is attached for your reference.,https://security.example.com/account-summary,newsletter.pdf,LEGITIMATE
E0385,user785@hr-help.example.com,hr-help.example.com,Congratulations! You have won a digital rewards prize,We noticed a failed payment and require confirmation of your invoice details. Use the secure portal to resolve this today.,https://payment-confirmation.example.org/invoice,invoice.exe,PHISHING
E0386,alerts458@billing.example.net,billing.example.net,Newsletter: Weekly security awareness tips,"Hello, this is an update from Student Services. Please review your schedule in the portal.",https://security.example.com/account-summary,schedule.pdf,LEGITIMATE
E0387,user73@hr-help.example.com,hr-help.example.com,Congratulations! You have won a digital rewards prize,Urgent review required for your pending package. Confirm your delivery details before the shipment is returned.,https://payment-confirmation.example.org/invoice,invoice.exe,PHISHING
E0388,finance336@billing.example.net,billing.example.net,Bank-style notification: Account summary,"Hello, this is an update from Student Services. Please review your schedule in the portal.",https://hr.example.org/benefits,newsletter.pdf,LEGITIMATE
E0389,user103@hr-help.example.com,hr-help.example.com,HR notice: Payroll verification required,Your account has been flagged for suspicious activity. Verify your credentials immediately or your access will be restricted.,https://verify-account.example.net/alert,invoice.exe,PHISHING
E0390,alerts426@support.example.org,support.example.org,Course schedule update,Your password was updated successfully. This is a standard confirmation message.,https://shop.example.net/order/45430,invoice.pdf,LEGITIMATE
E0391,user750@verify-account.example.net,verify-account.example.net,Executive request: Please review this file,"Congratulations, you have been selected for a limited-time reward. Click the link to claim your benefit before the offer expires.",http://89.116.60.1/verify,award.exe,PHISHING
E0392,finance593@example.edu,example.edu,Course schedule update,Your order has been confirmed and the invoice is attached for your reference.,https://meetings.example.com/project-review,schedule.pdf,LEGITIMATE
E0393,user564@verify-account.example.net,verify-account.example.net,Action required: Verify your email account,Your password is expiring soon. Update your account to avoid temporary suspension.,http://89.116.60.1/verify,package.zip,PHISHING
E0394,hr185@university.example.edu,university.example.edu,Password change confirmation,"Hi there, this is a meeting reminder for the product roadmap review. We have moved the session to 3:00 PM.",https://shop.example.net/order/45430,newsletter.pdf,LEGITIMATE
E0395,user900@alert-support.example.net,alert-support.example.net,Executive request: Please review this file,Your account has been flagged for suspicious activity. Verify your credentials immediately or your access will be restricted.,https://payment-confirmation.example.org/invoice,invoice.exe,PHISHING
E0396,ops122@university.example.edu,university.example.edu,Password change confirmation,Your password was updated successfully. This is a standard confirmation message.,https://hr.example.org/benefits,meeting-notes.docx,LEGITIMATE
E0397,user864@verify-account.example.net,verify-account.example.net,URGENT: Your account will be suspended today,"Congratulations, you have been selected for a limited-time reward. Click the link to claim your benefit before the offer expires.",https://verify-account.example.net/alert,award.exe,PHISHING
E0398,alerts435@billing.example.net,billing.example.net,Password change confirmation,"Dear Team, the HR department has pushed updated benefits information. Please review it before Friday.",https://hr.example.org/benefits,newsletter.pdf,LEGITIMATE
E0399,user364@secure-update.example.com,secure-update.example.com,Security alert: Password expires within 24 hours,We noticed a failed payment and require confirmation of your invoice details. Use the secure portal to resolve this today.,http://89.116.60.1/verify,invoice.exe,PHISHING
E0400,hr630@example.edu,example.edu,Project meeting reminder,"Dear Team, the HR department has pushed updated benefits information. Please review it before Friday.",https://portal.example.edu/schedule,schedule.pdf,LEGITIMATE
E0401,user618@verify-account.example.net,verify-account.example.net,HR notice: Payroll verification required,Urgent review required for your pending package. Confirm your delivery details before the shipment is returned.,http://89.116.60.1/verify,invoice.exe,PHISHING
E0402,student412@support.example.org,support.example.org,Project meeting reminder,Your password was updated successfully. This is a standard confirmation message.,https://hr.example.org/benefits,schedule.pdf,LEGITIMATE
E0403,user153@hr-help.example.com,hr-help.example.com,Security alert: Password expires within 24 hours,We noticed a failed payment and require confirmation of your invoice details. Use the secure portal to resolve this today.,https://payment-confirmation.example.org/invoice,package.zip,PHISHING
E0404,alerts613@newsletter.example.com,newsletter.example.com,Newsletter: Weekly security awareness tips,"Dear Team, the HR department has pushed updated benefits information. Please review it before Friday.",https://meetings.example.com/project-review,meeting-notes.docx,LEGITIMATE
E0405,user686@hr-help.example.com,hr-help.example.com,Congratulations! You have won a digital rewards prize,Your password is expiring soon. Update your account to avoid temporary suspension.,https://secure-login.example.net/confirm,package.zip,PHISHING
E0406,student571@billing.example.net,billing.example.net,HR update: Annual benefits enrollment,"Greetings, this is a weekly newsletter from the learning center. Please find attached the latest updates.",https://shop.example.net/order/45430,newsletter.pdf,LEGITIMATE
E0407,user58@payment-confirmation.example.org,payment-confirmation.example.org,Executive request: Please review this file,Urgent review required for your pending package. Confirm your delivery details before the shipment is returned.,https://secure-login.example.net/confirm,award.exe,PHISHING
E0408,hr419@university.example.edu,university.example.edu,Order confirmation: Shopping portal,Your order has been confirmed and the invoice is attached for your reference.,https://hr.example.org/benefits,newsletter.pdf,LEGITIMATE
E0409,user256@secure-update.example.com,secure-update.example.com,Security alert: Password expires within 24 hours,The payroll team needs your confirmation details for a recent update. Please complete the form immediately.,https://tinyurl.com/hr-payroll-update,package.zip,PHISHING
E0410,student576@support.example.org,support.example.org,Password change confirmation,Your password was updated successfully. This is a standard confirmation message.,https://security.example.com/account-summary,meeting-notes.docx,LEGITIMATE
E0411,user407@secure-update.example.com,secure-update.example.com,Security alert: Password expires within 24 hours,We noticed a failed payment and require confirmation of your invoice details. Use the secure portal to resolve this today.,https://secure-login.example.net/confirm,award.exe,PHISHING
E0412,student945@support.example.org,support.example.org,Newsletter: Weekly security awareness tips,"Hello, this is an update from Student Services. Please review your schedule in the portal.",https://security.example.com/account-summary,meeting-notes.docx,LEGITIMATE
E0413,user62@payment-confirmation.example.org,payment-confirmation.example.org,Executive request: Please review this file,The payroll team needs your confirmation details for a recent update. Please complete the form immediately.,https://payment-confirmation.example.org/invoice,award.exe,PHISHING
E0414,student895@example.edu,example.edu,Project meeting reminder,Your password was updated successfully. This is a standard confirmation message.,https://security.example.com/account-summary,meeting-notes.docx,LEGITIMATE
E0415,user500@secure-update.example.com,secure-update.example.com,Delivery issue: Confirm your shipment details,"Congratulations, you have been selected for a limited-time reward. Click the link to claim your benefit before the offer expires.",http://89.116.60.1/verify,invoice.exe,PHISHING
E0416,finance986@newsletter.example.com,newsletter.example.com,University notice: New orientation schedule,"Greetings, this is a weekly newsletter from the learning center. Please find attached the latest updates.",https://shop.example.net/order/45430,meeting-notes.docx,LEGITIMATE
E0417,user722@hr-help.example.com,hr-help.example.com,Congratulations! You have won a digital rewards prize,Your password is expiring soon. Update your account to avoid temporary suspension.,https://tinyurl.com/hr-payroll-update,award.exe,PHISHING
E0418,ops795@careers.example.com,careers.example.com,Password change confirmation,Your order has been confirmed and the invoice is attached for your reference.,https://security.example.com/account-summary,invoice.pdf,LEGITIMATE
E0419,user325@payment-confirmation.example.org,payment-confirmation.example.org,Delivery issue: Confirm your shipment details,Urgent review required for your pending package. Confirm your delivery details before the shipment is returned.,https://verify-account.example.net/alert,package.zip,PHISHING
E0420,student823@newsletter.example.com,newsletter.example.com,Bank-style notification: Account summary,"Hi there, this is a meeting reminder for the product roadmap review. We have moved the session to 3:00 PM.",https://hr.example.org/benefits,invoice.pdf,LEGITIMATE
E0421,user330@alert-support.example.net,alert-support.example.net,URGENT: Your account will be suspended today,Urgent review required for your pending package. Confirm your delivery details before the shipment is returned.,https://tinyurl.com/hr-payroll-update,award.exe,PHISHING
E0422,finance17@careers.example.com,careers.example.com,Password change confirmation,"Hi there, this is a meeting reminder for the product roadmap review. We have moved the session to 3:00 PM.",https://hr.example.org/benefits,meeting-notes.docx,LEGITIMATE
E0423,user347@secure-update.example.com,secure-update.example.com,Executive request: Please review this file,Urgent review required for your pending package. Confirm your delivery details before the shipment is returned.,https://tinyurl.com/hr-payroll-update,package.zip,PHISHING
E0424,alerts671@newsletter.example.com,newsletter.example.com,Newsletter: Weekly security awareness tips,"Hi there, this is a meeting reminder for the product roadmap review. We have moved the session to 3:00 PM.",https://shop.example.net/order/45430,newsletter.pdf,LEGITIMATE
E0425,user481@secure-update.example.com,secure-update.example.com,Delivery issue: Confirm your shipment details,We noticed a failed payment and require confirmation of your invoice details. Use the secure portal to resolve this today.,https://tinyurl.com/hr-payroll-update,award.exe,PHISHING
E0426,alerts501@university.example.edu,university.example.edu,Course schedule update,Your password was updated successfully. This is a standard confirmation message.,https://portal.example.edu/schedule,schedule.pdf,LEGITIMATE
E0427,user977@account-portal.example.net,account-portal.example.net,URGENT: Your account will be suspended today,Your account has been flagged for suspicious activity. Verify your credentials immediately or your access will be restricted.,https://verify-account.example.net/alert,invoice.exe,PHISHING
E0428,finance70@newsletter.example.com,newsletter.example.com,HR update: Annual benefits enrollment,"Hello, this is an update from Student Services. Please review your schedule in the portal.",https://hr.example.org/benefits,newsletter.pdf,LEGITIMATE
E0429,user392@verify-account.example.net,verify-account.example.net,HR notice: Payroll verification required,The payroll team needs your confirmation details for a recent update. Please complete the form immediately.,https://verify-account.example.net/alert,invoice.exe,PHISHING
E0430,student545@billing.example.net,billing.example.net,Password change confirmation,"Hello, this is an update from Student Services. Please review your schedule in the portal.",https://portal.example.edu/schedule,invoice.pdf,LEGITIMATE
E0431,user558@payment-confirmation.example.org,payment-confirmation.example.org,URGENT: Your account will be suspended today,Urgent review required for your pending package. Confirm your delivery details before the shipment is returned.,https://verify-account.example.net/alert,invoice.exe,PHISHING
E0432,student941@example.edu,example.edu,HR update: Annual benefits enrollment,"Dear Team, the HR department has pushed updated benefits information. Please review it before Friday.",https://hr.example.org/benefits,invoice.pdf,LEGITIMATE
E0433,user844@payment-confirmation.example.org,payment-confirmation.example.org,Security alert: Password expires within 24 hours,Your password is expiring soon. Update your account to avoid temporary suspension.,http://89.116.60.1/verify,package.zip,PHISHING
E0434,hr471@billing.example.net,billing.example.net,Project meeting reminder,"Greetings, this is a weekly newsletter from the learning center. Please find attached the latest updates.",https://hr.example.org/benefits,invoice.pdf,LEGITIMATE
E0435,user710@verify-account.example.net,verify-account.example.net,URGENT: Your account will be suspended today,Your account has been flagged for suspicious activity. Verify your credentials immediately or your access will be restricted.,https://verify-account.example.net/alert,package.zip,PHISHING
E0436,hr566@support.example.org,support.example.org,Course schedule update,"Greetings, this is a weekly newsletter from the learning center. Please find attached the latest updates.",https://portal.example.edu/schedule,meeting-notes.docx,LEGITIMATE
E0437,user94@alert-support.example.net,alert-support.example.net,Executive request: Please review this file,The payroll team needs your confirmation details for a recent update. Please complete the form immediately.,https://secure-login.example.net/confirm,award.exe,PHISHING
E0438,student917@billing.example.net,billing.example.net,Course schedule update,"Dear Team, the HR department has pushed updated benefits information. Please review it before Friday.",https://hr.example.org/benefits,newsletter.pdf,LEGITIMATE
E0439,user287@verify-account.example.net,verify-account.example.net,Action required: Verify your email account,The payroll team needs your confirmation details for a recent update. Please complete the form immediately.,https://secure-login.example.net/confirm,award.exe,PHISHING
E0440,alerts674@example.edu,example.edu,HR update: Annual benefits enrollment,"Hi there, this is a meeting reminder for the product roadmap review. We have moved the session to 3:00 PM.",https://portal.example.edu/schedule,meeting-notes.docx,LEGITIMATE
E0441,user611@secure-update.example.com,secure-update.example.com,Executive request: Please review this file,Your account has been flagged for suspicious activity. Verify your credentials immediately or your access will be restricted.,https://secure-login.example.net/confirm,invoice.exe,PHISHING
E0442,alerts247@billing.example.net,billing.example.net,Password change confirmation,"Greetings, this is a weekly newsletter from the learning center. Please find attached the latest updates.",https://security.example.com/account-summary,invoice.pdf,LEGITIMATE
E0443,user403@account-portal.example.net,account-portal.example.net,Final notice: Invoice payment due immediately,The payroll team needs your confirmation details for a recent update. Please complete the form immediately.,http://89.116.60.1/verify,award.exe,PHISHING
E0444,ops55@example.edu,example.edu,Password change confirmation,"Dear Team, the HR department has pushed updated benefits information. Please review it before Friday.",https://portal.example.edu/schedule,invoice.pdf,LEGITIMATE
E0445,user629@hr-help.example.com,hr-help.example.com,Executive request: Please review this file,"Congratulations, you have been selected for a limited-time reward. Click the link to claim your benefit before the offer expires.",http://89.116.60.1/verify,award.exe,PHISHING
E0446,ops803@support.example.org,support.example.org,Bank-style notification: Account summary,"Dear Team, the HR department has pushed updated benefits information. Please review it before Friday.",https://meetings.example.com/project-review,newsletter.pdf,LEGITIMATE
E0447,user452@secure-update.example.com,secure-update.example.com,Executive request: Please review this file,Your account has been flagged for suspicious activity. Verify your credentials immediately or your access will be restricted.,https://payment-confirmation.example.org/invoice,package.zip,PHISHING
E0448,finance731@example.edu,example.edu,University notice: New orientation schedule,"Hi there, this is a meeting reminder for the product roadmap review. We have moved the session to 3:00 PM.",https://hr.example.org/benefits,newsletter.pdf,LEGITIMATE
E0449,user738@account-portal.example.net,account-portal.example.net,Final notice: Invoice payment due immediately,The payroll team needs your confirmation details for a recent update. Please complete the form immediately.,https://verify-account.example.net/alert,package.zip,PHISHING
E0450,ops110@example.edu,example.edu,Course schedule update,"Hi there, this is a meeting reminder for the product roadmap review. We have moved the session to 3:00 PM.",https://shop.example.net/order/45430,invoice.pdf,LEGITIMATE
E0451,user789@payment-confirmation.example.org,payment-confirmation.example.org,Action required: Verify your email account,We noticed a failed payment and require confirmation of your invoice details. Use the secure portal to resolve this today.,http://89.116.60.1/verify,invoice.exe,PHISHING
E0452,hr460@billing.example.net,billing.example.net,Password change confirmation,"Hello, this is an update from Student Services. Please review your schedule in the portal.",https://portal.example.edu/schedule,schedule.pdf,LEGITIMATE
E0453,user372@hr-help.example.com,hr-help.example.com,Action required: Verify your email account,Urgent review required for your pending package. Confirm your delivery details before the shipment is returned.,https://payment-confirmation.example.org/invoice,package.zip,PHISHING
E0454,hr13@careers.example.com,careers.example.com,Password change confirmation,Your order has been confirmed and the invoice is attached for your reference.,https://portal.example.edu/schedule,meeting-notes.docx,LEGITIMATE
E0455,user595@hr-help.example.com,hr-help.example.com,Final notice: Invoice payment due immediately,The payroll team needs your confirmation details for a recent update. Please complete the form immediately.,https://verify-account.example.net/alert,invoice.exe,PHISHING
E0456,finance276@careers.example.com,careers.example.com,Order confirmation: Shopping portal,Your order has been confirmed and the invoice is attached for your reference.,https://hr.example.org/benefits,schedule.pdf,LEGITIMATE
E0457,user181@alert-support.example.net,alert-support.example.net,Security alert: Password expires within 24 hours,Your password is expiring soon. Update your account to avoid temporary suspension.,https://secure-login.example.net/confirm,package.zip,PHISHING
E0458,student370@careers.example.com,careers.example.com,Project meeting reminder,"Greetings, this is a weekly newsletter from the learning center. Please find attached the latest updates.",https://shop.example.net/order/45430,meeting-notes.docx,LEGITIMATE
E0459,user478@verify-account.example.net,verify-account.example.net,Final notice: Invoice payment due immediately,"Congratulations, you have been selected for a limited-time reward. Click the link to claim your benefit before the offer expires.",http://89.116.60.1/verify,package.zip,PHISHING
E0460,ops862@billing.example.net,billing.example.net,Password change confirmation,"Hi there, this is a meeting reminder for the product roadmap review. We have moved the session to 3:00 PM.",https://shop.example.net/order/45430,invoice.pdf,LEGITIMATE
E0461,user450@account-portal.example.net,account-portal.example.net,Final notice: Invoice payment due immediately,"Congratulations, you have been selected for a limited-time reward. Click the link to claim your benefit before the offer expires.",https://secure-login.example.net/confirm,award.exe,PHISHING
E0462,finance491@careers.example.com,careers.example.com,HR update: Annual benefits enrollment,Your order has been confirmed and the invoice is attached for your reference.,https://meetings.example.com/project-review,invoice.pdf,LEGITIMATE
E0463,user762@account-portal.example.net,account-portal.example.net,HR notice: Payroll verification required,Urgent review required for your pending package. Confirm your delivery details before the shipment is returned.,https://tinyurl.com/hr-payroll-update,package.zip,PHISHING
E0464,hr288@support.example.org,support.example.org,Newsletter: Weekly security awareness tips,"Hello, this is an update from Student Services. Please review your schedule in the portal.",https://security.example.com/account-summary,meeting-notes.docx,LEGITIMATE
E0465,user616@hr-help.example.com,hr-help.example.com,Final notice: Invoice payment due immediately,The payroll team needs your confirmation details for a recent update. Please complete the form immediately.,https://payment-confirmation.example.org/invoice,invoice.exe,PHISHING
E0466,hr966@newsletter.example.com,newsletter.example.com,Project meeting reminder,Your order has been confirmed and the invoice is attached for your reference.,https://meetings.example.com/project-review,schedule.pdf,LEGITIMATE
E0467,user848@alert-support.example.net,alert-support.example.net,HR notice: Payroll verification required,We noticed a failed payment and require confirmation of your invoice details. Use the secure portal to resolve this today.,https://secure-login.example.net/confirm,invoice.exe,PHISHING
E0468,ops675@university.example.edu,university.example.edu,Password change confirmation,Your order has been confirmed and the invoice is attached for your reference.,https://portal.example.edu/schedule,newsletter.pdf,LEGITIMATE
E0469,user622@alert-support.example.net,alert-support.example.net,Executive request: Please review this file,Urgent review required for your pending package. Confirm your delivery details before the shipment is returned.,https://payment-confirmation.example.org/invoice,award.exe,PHISHING
E0470,hr557@example.edu,example.edu,Newsletter: Weekly security awareness tips,"Greetings, this is a weekly newsletter from the learning center. Please find attached the latest updates.",https://security.example.com/account-summary,schedule.pdf,LEGITIMATE
E0471,user121@secure-update.example.com,secure-update.example.com,Delivery issue: Confirm your shipment details,We noticed a failed payment and require confirmation of your invoice details. Use the secure portal to resolve this today.,https://payment-confirmation.example.org/invoice,invoice.exe,PHISHING
E0472,alerts661@newsletter.example.com,newsletter.example.com,Password change confirmation,"Hi there, this is a meeting reminder for the product roadmap review. We have moved the session to 3:00 PM.",https://shop.example.net/order/45430,schedule.pdf,LEGITIMATE
E0473,user20@verify-account.example.net,verify-account.example.net,Security alert: Password expires within 24 hours,We noticed a failed payment and require confirmation of your invoice details. Use the secure portal to resolve this today.,https://payment-confirmation.example.org/invoice,award.exe,PHISHING
E0474,alerts572@billing.example.net,billing.example.net,Project meeting reminder,Your order has been confirmed and the invoice is attached for your reference.,https://meetings.example.com/project-review,newsletter.pdf,LEGITIMATE
E0475,user484@account-portal.example.net,account-portal.example.net,Final notice: Invoice payment due immediately,"Congratulations, you have been selected for a limited-time reward. Click the link to claim your benefit before the offer expires.",http://89.116.60.1/verify,package.zip,PHISHING
E0476,student303@support.example.org,support.example.org,University notice: New orientation schedule,"Hello, this is an update from Student Services. Please review your schedule in the portal.",https://hr.example.org/benefits,invoice.pdf,LEGITIMATE
E0477,user329@payment-confirmation.example.org,payment-confirmation.example.org,HR notice: Payroll verification required,We noticed a failed payment and require confirmation of your invoice details. Use the secure portal to resolve this today.,https://payment-confirmation.example.org/invoice,package.zip,PHISHING
E0478,ops488@example.edu,example.edu,Bank-style notification: Account summary,"Greetings, this is a weekly newsletter from the learning center. Please find attached the latest updates.",https://shop.example.net/order/45430,invoice.pdf,LEGITIMATE
E0479,user78@payment-confirmation.example.org,payment-confirmation.example.org,URGENT: Your account will be suspended today,The payroll team needs your confirmation details for a recent update. Please complete the form immediately.,http://89.116.60.1/verify,invoice.exe,PHISHING
E0480,ops664@example.edu,example.edu,HR update: Annual benefits enrollment,"Greetings, this is a weekly newsletter from the learning center. Please find attached the latest updates.",https://hr.example.org/benefits,meeting-notes.docx,LEGITIMATE
E0481,user575@secure-update.example.com,secure-update.example.com,Delivery issue: Confirm your shipment details,Urgent review required for your pending package. Confirm your delivery details before the shipment is returned.,https://verify-account.example.net/alert,package.zip,PHISHING
E0482,finance817@support.example.org,support.example.org,HR update: Annual benefits enrollment,"Dear Team, the HR department has pushed updated benefits information. Please review it before Friday.",https://shop.example.net/order/45430,newsletter.pdf,LEGITIMATE
E0483,user39@account-portal.example.net,account-portal.example.net,Congratulations! You have won a digital rewards prize,Your password is expiring soon. Update your account to avoid temporary suspension.,https://payment-confirmation.example.org/invoice,package.zip,PHISHING
E0484,hr5@newsletter.example.com,newsletter.example.com,Project meeting reminder,"Dear Team, the HR department has pushed updated benefits information. Please review it before Friday.",https://meetings.example.com/project-review,schedule.pdf,LEGITIMATE
E0485,user601@verify-account.example.net,verify-account.example.net,Final notice: Invoice payment due immediately,"Congratulations, you have been selected for a limited-time reward. Click the link to claim your benefit before the offer expires.",https://secure-login.example.net/confirm,invoice.exe,PHISHING
E0486,hr117@careers.example.com,careers.example.com,Bank-style notification: Account summary,Your password was updated successfully. This is a standard confirmation message.,https://meetings.example.com/project-review,newsletter.pdf,LEGITIMATE
E0487,user635@alert-support.example.net,alert-support.example.net,Action required: Verify your email account,"Congratulations, you have been selected for a limited-time reward. Click the link to claim your benefit before the offer expires.",https://secure-login.example.net/confirm,package.zip,PHISHING
E0488,alerts177@newsletter.example.com,newsletter.example.com,Order confirmation: Shopping portal,Your password was updated successfully. This is a standard confirmation message.,https://security.example.com/account-summary,schedule.pdf,LEGITIMATE
E0489,user698@secure-update.example.com,secure-update.example.com,Delivery issue: Confirm your shipment details,Your account has been flagged for suspicious activity. Verify your credentials immediately or your access will be restricted.,https://tinyurl.com/hr-payroll-update,package.zip,PHISHING
E0490,student188@careers.example.com,careers.example.com,HR update: Annual benefits enrollment,Your password was updated successfully. This is a standard confirmation message.,https://shop.example.net/order/45430,newsletter.pdf,LEGITIMATE
E0491,user620@secure-update.example.com,secure-update.example.com,Executive request: Please review this file,Your password is expiring soon. Update your account to avoid temporary suspension.,https://tinyurl.com/hr-payroll-update,package.zip,PHISHING
E0492,alerts711@newsletter.example.com,newsletter.example.com,HR update: Annual benefits enrollment,Your password was updated successfully. This is a standard confirmation message.,https://hr.example.org/benefits,newsletter.pdf,LEGITIMATE
E0493,user305@secure-update.example.com,secure-update.example.com,Final notice: Invoice payment due immediately,"Congratulations, you have been selected for a limited-time reward. Click the link to claim your benefit before the offer expires.",https://verify-account.example.net/alert,award.exe,PHISHING
E0494,student887@careers.example.com,careers.example.com,Course schedule update,Your order has been confirmed and the invoice is attached for your reference.,https://hr.example.org/benefits,meeting-notes.docx,LEGITIMATE
E0495,user844@alert-support.example.net,alert-support.example.net,HR notice: Payroll verification required,Your password is expiring soon. Update your account to avoid temporary suspension.,https://verify-account.example.net/alert,package.zip,PHISHING
E0496,hr501@university.example.edu,university.example.edu,University notice: New orientation schedule,Your password was updated successfully. This is a standard confirmation message.,https://portal.example.edu/schedule,meeting-notes.docx,LEGITIMATE
E0497,user309@verify-account.example.net,verify-account.example.net,Security alert: Password expires within 24 hours,We noticed a failed payment and require confirmation of your invoice details. Use the secure portal to resolve this today.,https://payment-confirmation.example.org/invoice,package.zip,PHISHING
E0498,finance800@support.example.org,support.example.org,Bank-style notification: Account summary,Your password was updated successfully. This is a standard confirmation message.,https://security.example.com/account-summary,schedule.pdf,LEGITIMATE
E0499,user596@verify-account.example.net,verify-account.example.net,Security alert: Password expires within 24 hours,Urgent review required for your pending package. Confirm your delivery details before the shipment is returned.,https://secure-login.example.net/confirm,award.exe,PHISHING
E0500,student779@newsletter.example.com,newsletter.example.com,Bank-style notification: Account summary,Your password was updated successfully. This is a standard confirmation message.,https://hr.example.org/benefits,newsletter.pdf,LEGITIMATE
E0501,user114@account-portal.example.net,account-portal.example.net,Congratulations! You have won a digital rewards prize,"Congratulations, you have been selected for a limited-time reward. Click the link to claim your benefit before the offer expires.",http://89.116.60.1/verify,package.zip,PHISHING
E0502,ops357@example.edu,example.edu,Bank-style notification: Account summary,"Hello, this is an update from Student Services. Please review your schedule in the portal.",https://hr.example.org/benefits,meeting-notes.docx,LEGITIMATE
E0503,user840@account-portal.example.net,account-portal.example.net,Delivery issue: Confirm your shipment details,The payroll team needs your confirmation details for a recent update. Please complete the form immediately.,https://payment-confirmation.example.org/invoice,award.exe,PHISHING
E0504,hr170@billing.example.net,billing.example.net,HR update: Annual benefits enrollment,"Dear Team, the HR department has pushed updated benefits information. Please review it before Friday.",https://hr.example.org/benefits,schedule.pdf,LEGITIMATE
E0505,user593@payment-confirmation.example.org,payment-confirmation.example.org,Security alert: Password expires within 24 hours,Urgent review required for your pending package. Confirm your delivery details before the shipment is returned.,https://payment-confirmation.example.org/invoice,invoice.exe,PHISHING
E0506,ops721@careers.example.com,careers.example.com,Order confirmation: Shopping portal,Your password was updated successfully. This is a standard confirmation message.,https://meetings.example.com/project-review,schedule.pdf,LEGITIMATE
E0507,user148@alert-support.example.net,alert-support.example.net,URGENT: Your account will be suspended today,"Congratulations, you have been selected for a limited-time reward. Click the link to claim your benefit before the offer expires.",https://tinyurl.com/hr-payroll-update,award.exe,PHISHING
E0508,finance256@university.example.edu,university.example.edu,Newsletter: Weekly security awareness tips,"Dear Team, the HR department has pushed updated benefits information. Please review it before Friday.",https://shop.example.net/order/45430,newsletter.pdf,LEGITIMATE
E0509,user155@hr-help.example.com,hr-help.example.com,Security alert: Password expires within 24 hours,The payroll team needs your confirmation details for a recent update. Please complete the form immediately.,https://verify-account.example.net/alert,package.zip,PHISHING
E0510,hr78@newsletter.example.com,newsletter.example.com,University notice: New orientation schedule,Your order has been confirmed and the invoice is attached for your reference.,https://security.example.com/account-summary,invoice.pdf,LEGITIMATE
E0511,user721@payment-confirmation.example.org,payment-confirmation.example.org,HR notice: Payroll verification required,Your password is expiring soon. Update your account to avoid temporary suspension.,https://secure-login.example.net/confirm,award.exe,PHISHING
E0512,student890@newsletter.example.com,newsletter.example.com,University notice: New orientation schedule,"Greetings, this is a weekly newsletter from the learning center. Please find attached the latest updates.",https://shop.example.net/order/45430,invoice.pdf,LEGITIMATE
E0513,user880@verify-account.example.net,verify-account.example.net,Executive request: Please review this file,We noticed a failed payment and require confirmation of your invoice details. Use the secure portal to resolve this today.,https://verify-account.example.net/alert,invoice.exe,PHISHING
E0514,hr275@careers.example.com,careers.example.com,Order confirmation: Shopping portal,"Hi there, this is a meeting reminder for the product roadmap review. We have moved the session to 3:00 PM.",https://security.example.com/account-summary,meeting-notes.docx,LEGITIMATE
E0515,user589@alert-support.example.net,alert-support.example.net,Delivery issue: Confirm your shipment details,The payroll team needs your confirmation details for a recent update. Please complete the form immediately.,http://89.116.60.1/verify,invoice.exe,PHISHING
E0516,student642@support.example.org,support.example.org,Course schedule update,"Hello, this is an update from Student Services. Please review your schedule in the portal.",https://hr.example.org/benefits,newsletter.pdf,LEGITIMATE
E0517,user477@verify-account.example.net,verify-account.example.net,Executive request: Please review this file,We noticed a failed payment and require confirmation of your invoice details. Use the secure portal to resolve this today.,https://tinyurl.com/hr-payroll-update,award.exe,PHISHING
E0518,ops163@careers.example.com,careers.example.com,University notice: New orientation schedule,"Greetings, this is a weekly newsletter from the learning center. Please find attached the latest updates.",https://meetings.example.com/project-review,invoice.pdf,LEGITIMATE
E0519,user94@payment-confirmation.example.org,payment-confirmation.example.org,Final notice: Invoice payment due immediately,Your account has been flagged for suspicious activity. Verify your credentials immediately or your access will be restricted.,https://verify-account.example.net/alert,award.exe,PHISHING
E0520,ops744@newsletter.example.com,newsletter.example.com,Project meeting reminder,Your order has been confirmed and the invoice is attached for your reference.,https://portal.example.edu/schedule,schedule.pdf,LEGITIMATE
E0521,user11@secure-update.example.com,secure-update.example.com,HR notice: Payroll verification required,Your account has been flagged for suspicious activity. Verify your credentials immediately or your access will be restricted.,https://tinyurl.com/hr-payroll-update,award.exe,PHISHING
E0522,finance532@newsletter.example.com,newsletter.example.com,Bank-style notification: Account summary,"Hello, this is an update from Student Services. Please review your schedule in the portal.",https://portal.example.edu/schedule,invoice.pdf,LEGITIMATE
E0523,user846@verify-account.example.net,verify-account.example.net,Executive request: Please review this file,The payroll team needs your confirmation details for a recent update. Please complete the form immediately.,https://tinyurl.com/hr-payroll-update,package.zip,PHISHING
E0524,student235@support.example.org,support.example.org,University notice: New orientation schedule,"Greetings, this is a weekly newsletter from the learning center. Please find attached the latest updates.",https://portal.example.edu/schedule,schedule.pdf,LEGITIMATE
E0525,user330@payment-confirmation.example.org,payment-confirmation.example.org,Security alert: Password expires within 24 hours,We noticed a failed payment and require confirmation of your invoice details. Use the secure portal to resolve this today.,https://verify-account.example.net/alert,invoice.exe,PHISHING
E0526,finance71@billing.example.net,billing.example.net,Course schedule update,Your password was updated successfully. This is a standard confirmation message.,https://hr.example.org/benefits,newsletter.pdf,LEGITIMATE
E0527,user369@account-portal.example.net,account-portal.example.net,Congratulations! You have won a digital rewards prize,The payroll team needs your confirmation details for a recent update. Please complete the form immediately.,https://tinyurl.com/hr-payroll-update,package.zip,PHISHING
E0528,alerts704@support.example.org,support.example.org,Project meeting reminder,"Hello, this is an update from Student Services. Please review your schedule in the portal.",https://portal.example.edu/schedule,meeting-notes.docx,LEGITIMATE
E0529,user780@verify-account.example.net,verify-account.example.net,Executive request: Please review this file,"Congratulations, you have been selected for a limited-time reward. Click the link to claim your benefit before the offer expires.",https://verify-account.example.net/alert,package.zip,PHISHING
E0530,finance254@careers.example.com,careers.example.com,University notice: New orientation schedule,"Dear Team, the HR department has pushed updated benefits information. Please review it before Friday.",https://security.example.com/account-summary,invoice.pdf,LEGITIMATE
E0531,user807@account-portal.example.net,account-portal.example.net,URGENT: Your account will be suspended today,The payroll team needs your confirmation details for a recent update. Please complete the form immediately.,https://secure-login.example.net/confirm,invoice.exe,PHISHING
E0532,alerts622@billing.example.net,billing.example.net,Project meeting reminder,"Greetings, this is a weekly newsletter from the learning center. Please find attached the latest updates.",https://shop.example.net/order/45430,invoice.pdf,LEGITIMATE
E0533,user671@verify-account.example.net,verify-account.example.net,Congratulations! You have won a digital rewards prize,Your password is expiring soon. Update your account to avoid temporary suspension.,https://verify-account.example.net/alert,invoice.exe,PHISHING
E0534,finance512@newsletter.example.com,newsletter.example.com,University notice: New orientation schedule,Your password was updated successfully. This is a standard confirmation message.,https://portal.example.edu/schedule,invoice.pdf,LEGITIMATE
E0535,user966@payment-confirmation.example.org,payment-confirmation.example.org,Final notice: Invoice payment due immediately,Your password is expiring soon. Update your account to avoid temporary suspension.,https://payment-confirmation.example.org/invoice,package.zip,PHISHING
E0536,ops560@newsletter.example.com,newsletter.example.com,HR update: Annual benefits enrollment,Your order has been confirmed and the invoice is attached for your reference.,https://portal.example.edu/schedule,schedule.pdf,LEGITIMATE
E0537,user611@verify-account.example.net,verify-account.example.net,URGENT: Your account will be suspended today,"Congratulations, you have been selected for a limited-time reward. Click the link to claim your benefit before the offer expires.",https://tinyurl.com/hr-payroll-update,invoice.exe,PHISHING
E0538,student972@support.example.org,support.example.org,Order confirmation: Shopping portal,"Greetings, this is a weekly newsletter from the learning center. Please find attached the latest updates.",https://security.example.com/account-summary,newsletter.pdf,LEGITIMATE
E0539,user443@account-portal.example.net,account-portal.example.net,Executive request: Please review this file,Your account has been flagged for suspicious activity. Verify your credentials immediately or your access will be restricted.,https://payment-confirmation.example.org/invoice,award.exe,PHISHING
E0540,alerts157@careers.example.com,careers.example.com,University notice: New orientation schedule,"Hi there, this is a meeting reminder for the product roadmap review. We have moved the session to 3:00 PM.",https://portal.example.edu/schedule,meeting-notes.docx,LEGITIMATE
E0541,user837@secure-update.example.com,secure-update.example.com,Delivery issue: Confirm your shipment details,Your password is expiring soon. Update your account to avoid temporary suspension.,https://payment-confirmation.example.org/invoice,award.exe,PHISHING
E0542,student318@newsletter.example.com,newsletter.example.com,Password change confirmation,"Greetings, this is a weekly newsletter from the learning center. Please find attached the latest updates.",https://hr.example.org/benefits,schedule.pdf,LEGITIMATE
E0543,user260@verify-account.example.net,verify-account.example.net,Executive request: Please review this file,Your account has been flagged for suspicious activity. Verify your credentials immediately or your access will be restricted.,https://verify-account.example.net/alert,award.exe,PHISHING
E0544,alerts57@careers.example.com,careers.example.com,HR update: Annual benefits enrollment,"Hello, this is an update from Student Services. Please review your schedule in the portal.",https://portal.example.edu/schedule,meeting-notes.docx,LEGITIMATE
E0545,user728@verify-account.example.net,verify-account.example.net,Final notice: Invoice payment due immediately,Your password is expiring soon. Update your account to avoid temporary suspension.,https://secure-login.example.net/confirm,award.exe,PHISHING
E0546,alerts802@newsletter.example.com,newsletter.example.com,Order confirmation: Shopping portal,"Dear Team, the HR department has pushed updated benefits information. Please review it before Friday.",https://meetings.example.com/project-review,meeting-notes.docx,LEGITIMATE
E0547,user777@payment-confirmation.example.org,payment-confirmation.example.org,Action required: Verify your email account,Your account has been flagged for suspicious activity. Verify your credentials immediately or your access will be restricted.,https://secure-login.example.net/confirm,package.zip,PHISHING
E0548,ops537@example.edu,example.edu,Order confirmation: Shopping portal,"Greetings, this is a weekly newsletter from the learning center. Please find attached the latest updates.",https://security.example.com/account-summary,schedule.pdf,LEGITIMATE
E0549,user518@alert-support.example.net,alert-support.example.net,Delivery issue: Confirm your shipment details,Your account has been flagged for suspicious activity. Verify your credentials immediately or your access will be restricted.,https://verify-account.example.net/alert,award.exe,PHISHING
E0550,finance377@university.example.edu,university.example.edu,Order confirmation: Shopping portal,"Hello, this is an update from Student Services. Please review your schedule in the portal.",https://security.example.com/account-summary,schedule.pdf,LEGITIMATE
E0551,user243@account-portal.example.net,account-portal.example.net,URGENT: Your account will be suspended today,Your account has been flagged for suspicious activity. Verify your credentials immediately or your access will be restricted.,http://89.116.60.1/verify,invoice.exe,PHISHING
E0552,student484@careers.example.com,careers.example.com,Password change confirmation,"Dear Team, the HR department has pushed updated benefits information. Please review it before Friday.",https://hr.example.org/benefits,schedule.pdf,LEGITIMATE
E0553,user576@account-portal.example.net,account-portal.example.net,Executive request: Please review this file,We noticed a failed payment and require confirmation of your invoice details. Use the secure portal to resolve this today.,https://secure-login.example.net/confirm,invoice.exe,PHISHING
E0554,hr938@newsletter.example.com,newsletter.example.com,Newsletter: Weekly security awareness tips,"Hi there, this is a meeting reminder for the product roadmap review. We have moved the session to 3:00 PM.",https://portal.example.edu/schedule,invoice.pdf,LEGITIMATE
E0555,user132@hr-help.example.com,hr-help.example.com,URGENT: Your account will be suspended today,We noticed a failed payment and require confirmation of your invoice details. Use the secure portal to resolve this today.,https://tinyurl.com/hr-payroll-update,award.exe,PHISHING
E0556,student977@support.example.org,support.example.org,University notice: New orientation schedule,Your order has been confirmed and the invoice is attached for your reference.,https://meetings.example.com/project-review,invoice.pdf,LEGITIMATE
E0557,user345@verify-account.example.net,verify-account.example.net,HR notice: Payroll verification required,Your account has been flagged for suspicious activity. Verify your credentials immediately or your access will be restricted.,https://secure-login.example.net/confirm,invoice.exe,PHISHING
E0558,ops578@careers.example.com,careers.example.com,Project meeting reminder,Your order has been confirmed and the invoice is attached for your reference.,https://meetings.example.com/project-review,newsletter.pdf,LEGITIMATE
E0559,user801@secure-update.example.com,secure-update.example.com,Congratulations! You have won a digital rewards prize,We noticed a failed payment and require confirmation of your invoice details. Use the secure portal to resolve this today.,http://89.116.60.1/verify,package.zip,PHISHING
E0560,student239@billing.example.net,billing.example.net,Newsletter: Weekly security awareness tips,"Greetings, this is a weekly newsletter from the learning center. Please find attached the latest updates.",https://portal.example.edu/schedule,invoice.pdf,LEGITIMATE
E0561,user11@account-portal.example.net,account-portal.example.net,Executive request: Please review this file,The payroll team needs your confirmation details for a recent update. Please complete the form immediately.,https://secure-login.example.net/confirm,invoice.exe,PHISHING
E0562,finance543@university.example.edu,university.example.edu,Password change confirmation,Your order has been confirmed and the invoice is attached for your reference.,https://portal.example.edu/schedule,meeting-notes.docx,LEGITIMATE
E0563,user738@payment-confirmation.example.org,payment-confirmation.example.org,Action required: Verify your email account,Your account has been flagged for suspicious activity. Verify your credentials immediately or your access will be restricted.,https://tinyurl.com/hr-payroll-update,award.exe,PHISHING
E0564,hr718@careers.example.com,careers.example.com,Bank-style notification: Account summary,"Greetings, this is a weekly newsletter from the learning center. Please find attached the latest updates.",https://portal.example.edu/schedule,schedule.pdf,LEGITIMATE
E0565,user527@secure-update.example.com,secure-update.example.com,Executive request: Please review this file,Your account has been flagged for suspicious activity. Verify your credentials immediately or your access will be restricted.,https://payment-confirmation.example.org/invoice,award.exe,PHISHING
E0566,student446@newsletter.example.com,newsletter.example.com,HR update: Annual benefits enrollment,"Dear Team, the HR department has pushed updated benefits information. Please review it before Friday.",https://meetings.example.com/project-review,invoice.pdf,LEGITIMATE
E0567,user881@payment-confirmation.example.org,payment-confirmation.example.org,Executive request: Please review this file,The payroll team needs your confirmation details for a recent update. Please complete the form immediately.,https://secure-login.example.net/confirm,package.zip,PHISHING
E0568,hr279@university.example.edu,university.example.edu,University notice: New orientation schedule,"Dear Team, the HR department has pushed updated benefits information. Please review it before Friday.",https://hr.example.org/benefits,schedule.pdf,LEGITIMATE
E0569,user169@verify-account.example.net,verify-account.example.net,Final notice: Invoice payment due immediately,Your password is expiring soon. Update your account to avoid temporary suspension.,https://verify-account.example.net/alert,package.zip,PHISHING
E0570,hr124@billing.example.net,billing.example.net,Newsletter: Weekly security awareness tips,"Dear Team, the HR department has pushed updated benefits information. Please review it before Friday.",https://shop.example.net/order/45430,invoice.pdf,LEGITIMATE
E0571,user484@payment-confirmation.example.org,payment-confirmation.example.org,Action required: Verify your email account,Your account has been flagged for suspicious activity. Verify your credentials immediately or your access will be restricted.,https://tinyurl.com/hr-payroll-update,award.exe,PHISHING
E0572,ops847@newsletter.example.com,newsletter.example.com,Course schedule update,"Dear Team, the HR department has pushed updated benefits information. Please review it before Friday.",https://meetings.example.com/project-review,meeting-notes.docx,LEGITIMATE
E0573,user103@account-portal.example.net,account-portal.example.net,Congratulations! You have won a digital rewards prize,"Congratulations, you have been selected for a limited-time reward. Click the link to claim your benefit before the offer expires.",https://verify-account.example.net/alert,award.exe,PHISHING
E0574,student694@careers.example.com,careers.example.com,Order confirmation: Shopping portal,"Dear Team, the HR department has pushed updated benefits information. Please review it before Friday.",https://portal.example.edu/schedule,newsletter.pdf,LEGITIMATE
E0575,user885@alert-support.example.net,alert-support.example.net,Congratulations! You have won a digital rewards prize,Your account has been flagged for suspicious activity. Verify your credentials immediately or your access will be restricted.,https://verify-account.example.net/alert,invoice.exe,PHISHING
E0576,finance125@example.edu,example.edu,Course schedule update,"Dear Team, the HR department has pushed updated benefits information. Please review it before Friday.",https://hr.example.org/benefits,meeting-notes.docx,LEGITIMATE
E0577,user853@alert-support.example.net,alert-support.example.net,Delivery issue: Confirm your shipment details,The payroll team needs your confirmation details for a recent update. Please complete the form immediately.,http://89.116.60.1/verify,award.exe,PHISHING
E0578,alerts266@example.edu,example.edu,Course schedule update,"Hello, this is an update from Student Services. Please review your schedule in the portal.",https://hr.example.org/benefits,newsletter.pdf,LEGITIMATE
E0579,user838@secure-update.example.com,secure-update.example.com,Action required: Verify your email account,"Congratulations, you have been selected for a limited-time reward. Click the link to claim your benefit before the offer expires.",http://89.116.60.1/verify,invoice.exe,PHISHING
E0580,hr52@university.example.edu,university.example.edu,Password change confirmation,"Greetings, this is a weekly newsletter from the learning center. Please find attached the latest updates.",https://shop.example.net/order/45430,newsletter.pdf,LEGITIMATE
E0581,user40@alert-support.example.net,alert-support.example.net,Executive request: Please review this file,We noticed a failed payment and require confirmation of your invoice details. Use the secure portal to resolve this today.,https://secure-login.example.net/confirm,invoice.exe,PHISHING
E0582,finance282@careers.example.com,careers.example.com,Bank-style notification: Account summary,"Dear Team, the HR department has pushed updated benefits information. Please review it before Friday.",https://portal.example.edu/schedule,meeting-notes.docx,LEGITIMATE
E0583,user672@payment-confirmation.example.org,payment-confirmation.example.org,HR notice: Payroll verification required,Your password is expiring soon. Update your account to avoid temporary suspension.,https://payment-confirmation.example.org/invoice,package.zip,PHISHING
E0584,student90@careers.example.com,careers.example.com,Password change confirmation,"Dear Team, the HR department has pushed updated benefits information. Please review it before Friday.",https://shop.example.net/order/45430,meeting-notes.docx,LEGITIMATE
E0585,user668@hr-help.example.com,hr-help.example.com,Congratulations! You have won a digital rewards prize,The payroll team needs your confirmation details for a recent update. Please complete the form immediately.,https://payment-confirmation.example.org/invoice,invoice.exe,PHISHING
E0586,hr801@newsletter.example.com,newsletter.example.com,Newsletter: Weekly security awareness tips,Your order has been confirmed and the invoice is attached for your reference.,https://security.example.com/account-summary,newsletter.pdf,LEGITIMATE
E0587,user362@hr-help.example.com,hr-help.example.com,Delivery issue: Confirm your shipment details,Your password is expiring soon. Update your account to avoid temporary suspension.,https://secure-login.example.net/confirm,invoice.exe,PHISHING
E0588,student327@billing.example.net,billing.example.net,Project meeting reminder,"Hello, this is an update from Student Services. Please review your schedule in the portal.",https://meetings.example.com/project-review,schedule.pdf,LEGITIMATE
E0589,user838@alert-support.example.net,alert-support.example.net,Delivery issue: Confirm your shipment details,Urgent review required for your pending package. Confirm your delivery details before the shipment is returned.,https://tinyurl.com/hr-payroll-update,invoice.exe,PHISHING
E0590,student254@newsletter.example.com,newsletter.example.com,Project meeting reminder,"Hi there, this is a meeting reminder for the product roadmap review. We have moved the session to 3:00 PM.",https://security.example.com/account-summary,schedule.pdf,LEGITIMATE
E0591,user792@secure-update.example.com,secure-update.example.com,Executive request: Please review this file,"Congratulations, you have been selected for a limited-time reward. Click the link to claim your benefit before the offer expires.",https://tinyurl.com/hr-payroll-update,invoice.exe,PHISHING
E0592,finance607@careers.example.com,careers.example.com,Newsletter: Weekly security awareness tips,Your password was updated successfully. This is a standard confirmation message.,https://portal.example.edu/schedule,invoice.pdf,LEGITIMATE
E0593,user980@hr-help.example.com,hr-help.example.com,Final notice: Invoice payment due immediately,Urgent review required for your pending package. Confirm your delivery details before the shipment is returned.,https://tinyurl.com/hr-payroll-update,package.zip,PHISHING
E0594,alerts317@university.example.edu,university.example.edu,Bank-style notification: Account summary,"Hello, this is an update from Student Services. Please review your schedule in the portal.",https://portal.example.edu/schedule,schedule.pdf,LEGITIMATE
E0595,user248@hr-help.example.com,hr-help.example.com,Congratulations! You have won a digital rewards prize,Your account has been flagged for suspicious activity. Verify your credentials immediately or your access will be restricted.,https://payment-confirmation.example.org/invoice,package.zip,PHISHING
E0596,student340@billing.example.net,billing.example.net,Project meeting reminder,"Dear Team, the HR department has pushed updated benefits information. Please review it before Friday.",https://meetings.example.com/project-review,meeting-notes.docx,LEGITIMATE
E0597,user950@payment-confirmation.example.org,payment-confirmation.example.org,URGENT: Your account will be suspended today,Your account has been flagged for suspicious activity. Verify your credentials immediately or your access will be restricted.,https://tinyurl.com/hr-payroll-update,award.exe,PHISHING
E0598,finance793@example.edu,example.edu,Newsletter: Weekly security awareness tips,"Hello, this is an update from Student Services. Please review your schedule in the portal.",https://meetings.example.com/project-review,newsletter.pdf,LEGITIMATE
E0599,user610@verify-account.example.net,verify-account.example.net,Delivery issue: Confirm your shipment details,"Congratulations, you have been selected for a limited-time reward. Click the link to claim your benefit before the offer expires.",https://secure-login.example.net/confirm,invoice.exe,PHISHING
E0600,finance750@support.example.org,support.example.org,Bank-style notification: Account summary,"Greetings, this is a weekly newsletter from the learning center. Please find attached the latest updates.",https://meetings.example.com/project-review,meeting-notes.docx,LEGITIMATE
